,Player,Tm,Pos,G,GS,Cmp,PassAtt,PassYds,PassTD,PassInt,Year
0,Peyton Manning,IND,QB,16,16,357,571,4413,33,15,2000
1,Jeff Garcia,SFO,QB,16,16,355,561,4278,31,10,2000
2,Elvis Grbac,KAN,QB,15,15,326,547,4169,28,14,2000
3,Daunte Culpepper,MIN,QB,16,16,297,474,3937,33,16,2000
4,Brett Favre,GNB,QB,16,16,338,580,3812,20,16,2000
5,Vinny Testaverde,NYJ,QB,16,16,328,590,3732,21,25,2000
6,Steve Beuerlein,CAR,QB,16,16,324,533,3730,19,18,2000
7,Mark Brunell,JAX,QB,16,16,311,512,3640,20,14,2000
8,Kerry Collins,NYG,QB,16,16,311,529,3610,22,13,2000
9,Rich Gannon,OAK,QB,16,16,284,473,3430,28,11,2000
10,Kurt Warner,STL,QB,11,11,235,347,3429,21,18,2000
11,Donovan McNabb,PHI,QB,16,16,330,569,3365,21,13,2000
12,Drew Bledsoe,NWE,QB,16,16,312,531,3291,17,13,2000
13,Jake Plummer,ARI,QB,14,14,270,475,2946,13,21,2000
14,Steve McNair,TEN,QB,16,15,248,396,2847,15,13,2000
15,Shaun King,TAM,QB,16,16,233,428,2769,18,13,2000
16,Brian Griese,DEN,QB,10,10,216,336,2688,19,4,2000
17,Jon Kitna,SEA,QB,15,12,259,418,2658,18,19,2000
18,Brad Johnson,WAS,QB,12,11,228,365,2505,11,15,2000
19,Charlie Batch,DET,QB,15,15,221,412,2489,13,15,2000
20,Jay Fiedler,MIA,QB,15,15,204,357,2402,14,14,2000
21,Chris Chandler,ATL,QB,14,13,192,331,2236,10,12,2000
22,Rob Johnson,BUF,QB,12,11,175,306,2125,12,7,2000
23,Trent Green,STL,QB,8,5,145,240,2063,16,5,2000
24,Jeff Blake,NOR,QB,11,11,184,302,2025,13,9,2000
25,Ryan Leaf,SDG,QB,11,9,161,322,1883,11,18,2000
26,Kordell Stewart,PIT,QB,16,11,151,289,1860,11,8,2000
27,Gus Frerotte,DEN,QB,10,6,138,232,1776,9,8,2000
28,Doug Flutie,BUF,QB,11,5,132,231,1700,8,3,2000
29,Cade McNown,CHI,QB,10,9,154,280,1646,8,9,2000
30,Troy Aikman,DAL,QB,11,11,156,262,1632,7,14,2000
31,Tony Banks,BAL,QB,11,8,150,274,1578,8,8,2000
32,Aaron Brooks,NOR,QB,8,5,113,194,1514,9,6,2000
33,Trent Dilfer,BAL,QB,11,8,134,226,1502,12,11,2000
34,Tim Couch,CLE,QB,7,7,137,215,1483,7,9,2000
35,Jim Harbaugh,SDG,QB,7,5,123,202,1416,8,10,2000
36,Jeff George,WAS,QB,6,5,113,194,1389,7,6,2000
37,Akili Smith,CIN,QB,12,11,118,267,1253,3,6,2000
38,Doug Pederson,CLE,QB,11,8,117,210,1047,2,8,2000
39,Scott Mitchell,CIN,QB,8,5,89,187,966,3,8,2000
40,Shane Matthews,CHI,QB,6,5,102,178,964,3,6,2000
41,Kent Graham,PIT,QB,12,5,66,148,878,1,1,2000
42,Randall Cunningham,DAL,QB,6,3,74,125,849,6,4,2000
43,Brock Huard,SEA,QB,5,4,49,87,540,3,2,2000
44,Neil O'Donnell,TEN,QB,7,1,36,64,530,2,3,2000
45,Danny Kanell,ATL,QB,5,1,57,116,524,2,5,2000
46,Stoney Case,DET,QB,5,1,56,91,503,1,4,2000
47,Dave Brown,ARI,QB,6,2,40,69,467,2,3,2000
48,Doug Johnson,ATL,QB,4,2,36,67,406,2,3,2000
49,Jim Miller,CHI,QB,3,2,47,82,382,1,1,2000
50,Damon Huard,MIA,QB,16,1,39,63,318,1,3,2000
51,Jamie Martin,JAX,QB,5,0,22,33,307,2,1,2000
52,Moses Moreno,SDG,QB,6,2,27,53,241,0,2,2000
53,Anthony Wright,DAL,QB,4,2,22,53,237,0,3,2000
54,Warren Moon,KAN,QB,2,1,15,34,208,1,1,2000
55,Ray Lucas,NYJ,QB,7,0,21,41,206,0,4,2000
56,Spergon Wynn,CLE,QB,7,1,22,54,167,0,1,2000
57,Rick Mirer,SFO,QB,1,0,10,20,126,1,0,2000
58,Jeff Lewis,CAR,QB,5,0,16,32,120,0,1,2000
59,Matt Hasselbeck,GNB,QB,16,0,10,19,104,1,0,2000
60,Bubby Brister,MIN,QB,2,0,10,20,82,0,1,2000
61,Michael Bishop,NWE,QB,8,0,3,9,80,1,1,2000
62,Chad Pennington,NYJ,QB,1,0,2,5,67,1,0,2000
63,Alex Van Pelt,BUF,QB,1,0,4,8,67,0,0,2000
64,John Friesz,NWE,QB,1,0,11,21,66,0,1,2000
65,Chris Greisen,ARI,QB,3,0,6,10,65,1,0,2000
66,Clint Stoerner,DAL,QB,1,0,3,5,53,1,0,2000
74,Chris Redman,BAL,QB,2,0,2,3,19,0,0,2000
75,Eric Zeier,TAM,QB,3,0,3,3,19,0,0,2000
79,Kevin Thompson,CLE,QB,1,0,1,1,8,0,0,2000
80,Tom Brady,NWE,QB,1,0,1,3,6,0,0,2000
85,Travis Brown,SEA,QB,1,0,0,1,0,0,0,2000
87,Koy Detmer,PHI,QB,16,0,0,1,0,0,1,2000
90,Mark Hartsell,CHI,QB,1,0,0,1,0,0,0,2000
91,Bobby Hoying,OAK,QB,4,0,0,2,0,0,0,2000
92,Jarious Jackson,DEN,QB,2,0,0,1,0,0,0,2000
97,Todd Husak,WAS,QB,1,0,2,2,-2,0,0,2000
98,Tim Rattay,SFO,QB,1,0,1,1,-4,0,0,2000
99,Kurt Warner,STL,QB,16,16,375,546,4830,36,22,2001
100,Peyton Manning,IND,QB,16,16,343,547,4131,26,23,2001
101,Brett Favre,GNB,QB,16,16,314,510,3921,32,15,2001
102,Aaron Brooks,NOR,QB,16,16,312,558,3832,26,22,2001
103,Rich Gannon,OAK,QB,16,16,361,549,3828,27,9,2001
104,Trent Green,KAN,QB,16,16,296,523,3783,17,24,2001
105,Kerry Collins,NYG,QB,16,16,327,568,3764,19,16,2001
106,Jake Plummer,ARI,QB,16,16,304,525,3653,18,14,2001
107,Jeff Garcia,SFO,QB,16,16,316,504,3538,32,12,2001
108,Doug Flutie,SDG,QB,16,16,294,521,3464,15,18,2001
109,Brad Johnson,TAM,QB,16,16,340,559,3406,13,11,2001
110,Steve McNair,TEN,QB,15,15,264,431,3350,21,12,2001
111,Mark Brunell,JAX,QB,15,15,289,473,3309,19,13,2001
112,Jay Fiedler,MIA,QB,16,16,273,450,3290,20,19,2001
113,Donovan McNabb,PHI,QB,16,16,285,493,3233,25,12,2001
114,Jon Kitna,CIN,QB,16,15,313,581,3216,12,22,2001
115,Kordell Stewart,PIT,QB,16,16,266,442,3109,14,11,2001
116,Tim Couch,CLE,QB,16,16,272,454,3040,17,21,2001
117,Elvis Grbac,BAL,QB,14,14,265,467,3033,15,18,2001
118,Chris Weinke,CAR,QB,15,15,293,540,2931,11,19,2001
119,Chris Chandler,ATL,QB,14,14,223,365,2847,16,14,2001
120,Tom Brady,NWE,QB,15,14,264,413,2843,18,12,2001
121,Brian Griese,DEN,QB,15,15,275,451,2827,23,19,2001
122,Vinny Testaverde,NYJ,QB,16,16,260,441,2752,15,14,2001
123,Daunte Culpepper,MIN,QB,11,11,235,366,2612,14,13,2001
124,Charlie Batch,DET,QB,10,9,198,341,2392,12,12,2001
125,Tony Banks,WAS,QB,15,14,198,370,2386,10,10,2001
126,Jim Miller,CHI,QB,14,13,228,395,2299,13,10,2001
127,Alex Van Pelt,BUF,QB,12,8,178,307,2056,12,11,2001
128,Matt Hasselbeck,SEA,QB,13,12,176,321,2023,7,8,2001
129,Rob Johnson,BUF,QB,8,8,134,216,1465,5,7,2001
130,Quincy Carter,DAL,QB,8,8,90,176,1072,5,7,2001
131,Trent Dilfer,SEA,QB,6,4,73,122,1014,7,4,2001
132,Ty Detmer,DET,QB,4,4,92,151,906,3,10,2001
133,Todd Bouman,MIN,QB,5,3,51,89,795,8,4,2001
134,Michael Vick,ATL,QB,8,2,50,113,785,2,3,2001
135,Shane Matthews,CHI,QB,4,3,84,129,694,5,6,2001
136,Mike McMahon,DET,QB,8,3,53,115,671,3,1,2001
137,Randall Cunningham,BAL,QB,6,2,54,89,573,3,2,2001
138,Anthony Wright,DAL,QB,4,3,48,98,529,5,5,2001
139,Neil O'Donnell,TEN,QB,5,1,42,76,496,2,2,2001
140,Ryan Leaf,DAL,QB,4,3,45,88,494,1,3,2001
141,Spergon Wynn,MIN,QB,3,2,48,98,418,1,6,2001
142,Drew Bledsoe,NWE,QB,2,2,40,66,400,2,2,2001
143,Jonathan Quinn,JAX,QB,6,1,32,61,361,1,1,2001
144,Clint Stoerner,DAL,QB,4,2,26,49,314,3,5,2001
145,Gus Frerotte,DEN,QB,4,1,30,48,308,3,0,2001
146,Drew Brees,SDG,QB,1,0,15,27,221,1,0,2001
147,Shaun King,TAM,QB,3,0,21,31,210,0,1,2001
148,Travis Brown,BUF,QB,1,0,15,33,201,1,2,2001
149,Jeff George,WAS,QB,2,2,23,42,168,0,3,2001
150,Tommy Maddox,PIT,QB,3,0,7,9,154,1,1,2001
151,A.J. Feeley,PHI,QB,1,0,10,14,143,2,1,2001
152,Matt Lytle,CAR,QB,3,1,17,30,133,1,3,2001
153,Kent Graham,WAS,QB,3,0,13,19,131,2,0,2001
154,Brock Huard,SEA,QB,1,0,9,17,127,1,0,2001
155,Kelly Holcomb,CLE,QB,1,0,7,12,114,1,0,2001
156,Chad Pennington,NYJ,QB,2,0,10,20,92,1,0,2001
157,Jarious Jackson,DEN,QB,1,0,7,12,73,0,0,2001
159,Mark Rypien,IND,QB,4,0,5,9,57,0,0,2001
160,Koy Detmer,PHI,QB,16,0,5,14,51,0,1,2001
162,Ray Lucas,MIA,QB,10,0,2,3,45,0,0,2001
163,Todd Collins,KAN,QB,1,0,3,4,40,0,0,2001
167,Scott Mitchell,CIN,QB,1,0,4,12,38,0,3,2001
168,Akili Smith,CIN,QB,2,1,5,8,37,0,0,2001
170,Dameyune Craig,CAR,QB,2,0,4,8,34,0,0,2001
171,Marques Tuiasosopo,OAK,QB,1,0,3,4,34,0,0,2001
177,Doug Johnson,ATL,QB,3,0,3,5,23,1,0,2001
178,Jamie Martin,STL,QB,5,0,3,3,22,0,0,2001
179,Tim Rattay,SFO,QB,3,0,2,2,21,0,0,2001
187,Jeff Blake,NOR,QB,1,0,0,1,0,0,0,2001
201,Billy Volek,TEN,QB,1,0,0,3,0,0,0,2001
206,Rich Gannon,OAK,QB,16,16,418,618,4689,26,10,2002
207,Drew Bledsoe,BUF,QB,16,16,375,610,4359,24,15,2002
208,Peyton Manning,IND,QB,16,16,392,591,4200,27,19,2002
209,Kerry Collins,NYG,QB,16,16,335,545,4073,19,14,2002
210,Daunte Culpepper,MIN,QB,16,16,333,549,3853,18,23,2002
211,Tom Brady,NWE,QB,16,16,373,601,3764,28,14,2002
212,Trent Green,KAN,QB,16,16,287,470,3690,26,13,2002
213,Brett Favre,GNB,QB,16,16,341,551,3658,27,16,2002
214,Aaron Brooks,NOR,QB,16,16,283,528,3572,27,15,2002
215,Steve McNair,TEN,QB,16,16,301,492,3387,22,15,2002
216,Jeff Garcia,SFO,QB,16,16,328,528,3344,21,10,2002
217,Drew Brees,SDG,QB,16,16,320,526,3284,17,16,2002
218,Brian Griese,DEN,QB,13,13,291,436,3214,15,15,2002
219,Jon Kitna,CIN,QB,14,12,294,473,3178,16,16,2002
220,Chad Pennington,NYJ,QB,15,12,275,399,3120,22,6,2002
221,Matt Hasselbeck,SEA,QB,16,10,267,419,3075,15,10,2002
222,Brad Johnson,TAM,QB,13,13,281,451,3049,22,6,2002
223,Jake Plummer,ARI,QB,16,16,284,530,2972,18,20,2002
224,Michael Vick,ATL,QB,15,15,231,421,2936,16,8,2002
225,Tim Couch,CLE,QB,14,14,273,443,2842,18,18,2002
226,Tommy Maddox,PIT,QB,15,11,234,377,2836,20,16,2002
227,Mark Brunell,JAX,QB,15,15,245,416,2788,17,7,2002
228,Rodney Peete,CAR,QB,14,14,223,381,2630,15,14,2002
229,David Carr,HOU,QB,16,16,233,444,2592,9,15,2002
230,Joey Harrington,DET,QB,14,12,215,429,2294,12,16,2002
231,Donovan McNabb,PHI,QB,10,10,211,361,2289,17,6,2002
232,Jeff Blake,BAL,QB,11,10,165,295,2084,13,11,2002
233,Jay Fiedler,MIA,QB,11,10,179,292,2024,14,9,2002
234,Jim Miller,CHI,QB,10,8,180,314,1944,13,9,2002
235,Marc Bulger,STL,QB,7,7,138,214,1826,14,6,2002
236,Chad Hutchinson,DAL,QB,9,9,127,250,1555,7,8,2002
237,Patrick Ramsey,WAS,QB,9,5,117,227,1539,9,8,2002
238,Quincy Carter,DAL,QB,7,7,125,221,1465,7,8,2002
239,Kurt Warner,STL,QB,7,6,144,220,1431,3,11,2002
240,Shane Matthews,WAS,QB,8,7,124,237,1251,11,6,2002
241,Jamie Martin,STL,QB,5,2,124,195,1216,7,10,2002
242,Trent Dilfer,SEA,QB,6,6,94,168,1182,4,6,2002
243,Kordell Stewart,PIT,QB,7,5,109,166,1155,6,6,2002
244,Ray Lucas,MIA,QB,7,6,92,160,1045,4,6,2002
245,Chris Redman,BAL,QB,6,6,97,182,1034,7,3,2002
246,Chris Chandler,CHI,QB,9,7,103,161,1023,4,4,2002
247,A.J. Feeley,PHI,QB,6,5,86,154,1011,6,5,2002
248,Steve Beuerlein,DEN,QB,8,3,68,117,925,6,5,2002
249,Mike McMahon,DET,QB,8,4,62,147,874,7,9,2002
250,Kelly Holcomb,CLE,QB,4,2,64,106,790,8,4,2002
251,Danny Wuerffel,WAS,QB,7,4,58,92,719,3,6,2002
252,Rob Johnson,TAM,QB,6,2,57,88,536,1,2,2002
253,Vinny Testaverde,NYJ,QB,5,4,54,83,499,3,3,2002
254,Doug Johnson,ATL,QB,6,1,37,57,448,2,3,2002
255,Gus Frerotte,CIN,QB,4,3,44,85,437,1,5,2002
256,Tim Rattay,SFO,QB,4,0,26,43,232,2,0,2002
257,David Garrard,JAX,QB,4,1,23,46,231,1,2,2002
258,Koy Detmer,PHI,QB,14,1,19,28,224,2,0,2002
259,Henry Burris,CHI,QB,6,1,18,51,207,3,5,2002
260,Chris Weinke,CAR,QB,6,1,17,38,180,0,3,2002
261,Randy Fasani,CAR,QB,4,1,15,44,171,0,4,2002
262,Doug Pederson,GNB,QB,16,0,19,28,134,1,0,2002
263,Akili Smith,CIN,QB,1,1,12,33,117,0,1,2002
264,Jake Delhomme,NOR,QB,4,0,8,10,113,0,0,2002
265,Todd Bouman,MIN,QB,1,0,3,6,85,0,0,2002
266,Shaun King,TAM,QB,3,1,10,27,80,0,1,2002
267,Todd Collins,KAN,QB,3,0,5,6,73,1,0,2002
268,Josh McCown,ARI,QB,2,0,7,18,66,0,2,2002
269,Doug Flutie,SDG,QB,1,0,3,11,64,0,0,2002
270,Cory Sauter,CHI,QB,1,0,6,9,59,0,0,2002
277,Jesse Palmer,NYG,QB,2,0,3,4,30,0,0,2002
280,Neil O'Donnell,TEN,QB,4,0,3,5,24,0,0,2002
287,Scott Covington,STL,QB,1,1,2,5,7,0,0,2002
289,Alex Van Pelt,BUF,QB,2,0,2,2,5,0,0,2002
290,Rohan Davey,NWE,QB,2,0,1,2,3,0,0,2002
306,Sage Rosenfels,MIA,QB,4,0,0,3,0,0,0,2002
313,Peyton Manning,IND,QB,16,16,379,566,4267,29,10,2003
314,Trent Green,KAN,QB,16,16,330,523,4039,24,12,2003
315,Marc Bulger,STL,QB,15,15,336,532,3845,22,22,2003
316,Matt Hasselbeck,SEA,QB,16,16,313,513,3841,26,15,2003
317,Brad Johnson,TAM,QB,16,16,354,570,3811,26,21,2003
318,Tom Brady,NWE,QB,16,16,317,527,3620,23,12,2003
319,Jon Kitna,CIN,QB,16,16,324,520,3591,26,15,2003
320,Aaron Brooks,NOR,QB,16,16,306,518,3546,24,8,2003
321,Daunte Culpepper,MIN,QB,14,14,295,454,3479,25,11,2003
322,Tommy Maddox,PIT,QB,16,16,298,519,3414,18,17,2003
323,Brett Favre,GNB,QB,16,16,308,471,3361,32,21,2003
324,Quincy Carter,DAL,QB,16,16,292,505,3302,17,21,2003
325,Jake Delhomme,CAR,QB,16,15,266,449,3219,19,16,2003
326,Donovan McNabb,PHI,QB,16,16,275,478,3216,16,11,2003
327,Steve McNair,TEN,QB,14,14,250,400,3215,24,7,2003
328,Kerry Collins,NYG,QB,13,13,284,500,3110,13,16,2003
329,Joey Harrington,DET,QB,16,16,309,554,2880,17,22,2003
330,Drew Bledsoe,BUF,QB,16,16,274,471,2860,11,12,2003
331,Byron Leftwich,JAX,QB,15,13,239,418,2819,14,16,2003
332,Jeff Garcia,SFO,QB,13,13,225,392,2704,18,13,2003
333,Jeff Blake,ARI,QB,13,13,208,367,2247,13,15,2003
334,Jake Plummer,DEN,QB,11,11,189,302,2182,15,7,2003
335,Patrick Ramsey,WAS,QB,11,11,179,337,2166,14,9,2003
336,Chad Pennington,NYJ,QB,10,9,189,297,2139,13,12,2003
337,Jay Fiedler,MIA,QB,12,11,179,314,2138,11,13,2003
338,Drew Brees,SDG,QB,11,11,205,356,2108,11,15,2003
339,David Carr,HOU,QB,12,11,167,295,2013,9,13,2003
340,Kelly Holcomb,CLE,QB,10,8,193,302,1797,10,12,2003
341,Doug Johnson,ATL,QB,10,8,136,243,1655,8,12,2003
342,Kordell Stewart,CHI,QB,9,7,126,251,1418,7,12,2003
343,Vinny Testaverde,NYJ,QB,7,7,123,198,1385,7,2,2003
344,Tim Couch,CLE,QB,10,8,120,203,1319,7,6,2003
345,Rich Gannon,OAK,QB,7,7,125,225,1274,6,4,2003
346,Rick Mirer,OAK,QB,9,8,116,221,1267,3,5,2003
347,Kyle Boller,BAL,QB,11,9,116,224,1260,7,9,2003
348,Anthony Wright,BAL,QB,7,7,94,178,1199,9,8,2003
349,Doug Flutie,SDG,QB,7,5,91,167,1097,9,4,2003
350,Chris Chandler,CHI,QB,8,6,107,192,1050,3,7,2003
351,Josh McCown,ARI,QB,8,3,95,166,1018,5,6,2003
352,Tim Hasselbeck,WAS,QB,7,5,95,177,1012,5,7,2003
353,Tim Rattay,SFO,QB,11,3,73,118,856,7,2,2003
354,Brian Griese,MIA,QB,5,5,74,130,813,5,6,2003
355,Tony Banks,HOU,QB,7,3,61,102,693,5,3,2003
356,Gus Frerotte,MIN,QB,16,2,38,65,690,7,2,2003
357,Michael Vick,ATL,QB,5,4,50,100,585,4,3,2003
358,Billy Volek,TEN,QB,7,1,44,69,545,4,1,2003
359,Jesse Palmer,NYG,QB,6,3,60,116,532,3,4,2003
360,Mark Brunell,JAX,QB,3,3,54,82,484,2,0,2003
361,Danny Kanell,DEN,QB,5,2,53,103,442,2,5,2003
362,Rex Grossman,CHI,QB,3,3,38,72,437,2,1,2003
363,Kurt Kittner,ATL,QB,7,4,44,114,391,2,6,2003
364,Steve Beuerlein,DEN,QB,4,2,33,63,389,2,5,2003
365,Kurt Warner,STL,QB,2,1,38,65,365,1,1,2003
366,Marques Tuiasosopo,OAK,QB,4,1,25,45,324,0,3,2003
367,Neil O'Donnell,TEN,QB,1,1,18,27,232,2,1,2003
368,Travis Brown,BUF,QB,2,0,14,18,160,0,1,2003
369,Dave Ragone,HOU,QB,2,2,20,40,135,0,1,2003
370,Shaun King,TAM,QB,3,0,15,22,130,1,1,2003
371,Rob Johnson,OAK,QB,4,0,11,20,93,0,1,2003
372,Mike McMahon,DET,QB,3,0,9,31,87,0,2,2003
373,David Garrard,JAX,QB,2,0,9,12,86,1,0,2003
374,Todd Bouman,NOR,QB,4,0,7,13,81,1,0,2003
376,Todd Collins,KAN,QB,5,0,9,12,74,0,0,2003
378,Tee Martin,OAK,QB,2,0,6,16,69,0,1,2003
380,Chris Redman,BAL,QB,2,0,7,13,58,0,2,2003
381,Sage Rosenfels,MIA,QB,2,0,4,6,50,1,0,2003
382,Alex Van Pelt,BUF,QB,6,0,5,12,49,0,3,2003
383,Charlie Batch,PIT,QB,4,0,4,8,47,0,0,2003
385,Jarious Jackson,DEN,QB,1,1,4,9,41,0,1,2003
387,Koy Detmer,PHI,QB,16,0,3,5,32,0,0,2003
389,Rohan Davey,NWE,QB,1,0,3,7,31,0,0,2003
390,Trent Dilfer,SEA,QB,5,0,4,8,31,1,1,2003
393,Brock Huard,IND,QB,2,0,2,3,22,0,0,2003
396,Rodney Peete,CAR,QB,1,1,4,10,19,0,0,2003
397,Doug Pederson,GNB,QB,16,0,2,2,16,0,0,2003
401,Chad Hutchinson,DAL,QB,1,0,1,2,8,0,0,2003
402,Gibran Hamdan,WAS,QB,1,0,1,2,7,0,0,2003
420,Damon Huard,NWE,QB,2,0,0,1,0,0,0,2003
434,Daunte Culpepper,MIN,QB,16,16,379,548,4717,39,11,2004
435,Trent Green,KAN,QB,16,16,369,556,4591,27,17,2004
436,Peyton Manning,IND,QB,16,16,336,497,4557,49,10,2004
437,Jake Plummer,DEN,QB,16,16,303,521,4089,27,20,2004
438,Brett Favre,GNB,QB,16,16,346,540,4088,30,17,2004
439,Marc Bulger,STL,QB,14,14,321,485,3964,21,14,2004
440,Jake Delhomme,CAR,QB,16,16,310,533,3886,29,15,2004
441,Donovan McNabb,PHI,QB,15,15,300,469,3875,31,8,2004
442,Aaron Brooks,NOR,QB,16,16,309,542,3810,21,16,2004
443,Tom Brady,NWE,QB,16,16,288,474,3692,28,14,2004
444,Vinny Testaverde,DAL,QB,16,15,297,495,3532,17,20,2004
445,David Carr,HOU,QB,16,16,285,466,3531,16,14,2004
446,Kerry Collins,OAK,QB,14,13,289,513,3495,21,20,2004
447,Matt Hasselbeck,SEA,QB,14,14,279,474,3382,22,15,2004
448,Drew Brees,SDG,QB,15,15,262,400,3159,27,7,2004
449,Joey Harrington,DET,QB,16,16,274,489,3047,19,12,2004
450,Byron Leftwich,JAX,QB,14,14,267,441,2941,15,10,2004
451,Drew Bledsoe,BUF,QB,16,16,256,450,2932,20,16,2004
452,Carson Palmer,CIN,QB,13,13,263,432,2897,18,18,2004
453,Chad Pennington,NYJ,QB,13,13,242,370,2673,16,9,2004
454,Brian Griese,TAM,QB,11,10,233,336,2632,20,12,2004
455,Ben Roethlisberger,PIT,QB,14,13,196,295,2621,17,11,2004
456,Kyle Boller,BAL,QB,16,16,258,464,2559,13,11,2004
457,Josh McCown,ARI,QB,14,13,233,408,2511,11,10,2004
458,Billy Volek,TEN,QB,10,8,218,357,2486,18,10,2004
459,Michael Vick,ATL,QB,15,15,181,321,2313,14,12,2004
460,Tim Rattay,SFO,QB,9,9,198,325,2169,10,10,2004
461,Kurt Warner,NYG,QB,10,9,174,277,2054,6,4,2004
462,A.J. Feeley,MIA,QB,11,8,191,356,1893,11,15,2004
463,Jeff Garcia,CLE,QB,11,10,144,252,1731,10,9,2004
464,Patrick Ramsey,WAS,QB,9,7,169,272,1665,10,11,2004
465,Steve McNair,TEN,QB,8,8,129,215,1343,8,9,2004
466,Ken Dorsey,SFO,QB,8,7,123,226,1231,6,9,2004
467,Mark Brunell,WAS,QB,9,9,118,237,1194,7,6,2004
468,Jay Fiedler,MIA,QB,8,7,101,190,1186,7,8,2004
469,Eli Manning,NYG,QB,9,7,95,197,1043,6,9,2004
470,Chad Hutchinson,CHI,QB,5,5,92,161,903,4,3,2004
471,Kelly Holcomb,CLE,QB,4,2,59,87,737,7,5,2004
472,Craig Krenzel,CHI,QB,6,5,59,127,718,3,6,2004
473,Brad Johnson,TAM,QB,4,4,65,103,674,3,3,2004
474,Jon Kitna,CIN,QB,4,3,61,104,623,5,4,2004
475,Luke McCown,CLE,QB,5,4,48,98,608,4,7,2004
476,Rex Grossman,CHI,QB,3,3,47,84,607,1,3,2004
477,Rich Gannon,OAK,QB,3,3,41,68,524,3,2,2004
478,Shaun King,ARI,QB,3,2,47,84,502,1,4,2004
479,Quincy Carter,NYJ,QB,7,3,35,58,498,3,1,2004
480,Chris Simms,TAM,QB,5,2,42,73,467,1,3,2004
481,Chris Chandler,STL,QB,5,2,35,62,463,2,8,2004
482,Jonathan Quinn,CHI,QB,5,3,51,98,413,1,3,2004
483,David Garrard,JAX,QB,4,2,38,72,374,2,1,2004
484,Trent Dilfer,SEA,QB,5,2,25,58,333,1,3,2004
485,Matt Schaub,ATL,QB,6,1,33,70,330,1,4,2004
486,Tommy Maddox,PIT,QB,4,3,30,60,329,1,2,2004
487,Craig Nall,GNB,QB,5,0,23,33,314,4,0,2004
488,Doug Flutie,SDG,QB,2,1,20,38,276,1,0,2004
489,Sage Rosenfels,MIA,QB,3,1,16,39,264,1,3,2004
490,Koy Detmer,PHI,QB,16,1,18,40,207,0,2,2004
491,Jamie Martin,STL,QB,1,0,16,30,188,0,0,2004
492,Jim Sorgi,IND,QB,4,0,17,29,175,2,0,2004
493,John Navarre,ARI,QB,1,1,18,40,168,1,4,2004
494,Jeff Blake,PHI,QB,3,0,18,37,126,1,1,2004
495,Doug Pederson,GNB,QB,4,0,11,23,120,0,2,2004
496,Drew Henson,DAL,QB,7,1,10,18,78,1,1,2004
497,Mike McMahon,DET,QB,1,0,11,15,77,0,1,2004
498,Doug Johnson,TEN,QB,2,0,6,12,68,0,0,2004
499,Brooks Bollinger,NYJ,QB,1,0,5,9,60,0,0,2004
500,Cody Pickett,SFO,QB,1,0,4,10,55,0,2,2004
501,Rohan Davey,NWE,QB,4,0,4,10,54,0,0,2004
503,Shane Matthews,BUF,QB,3,0,2,3,44,1,0,2004
504,Todd Collins,KAN,QB,2,0,1,5,42,0,0,2004
507,Philip Rivers,SDG,QB,2,0,5,8,33,1,0,2004
508,J.P. Losman,BUF,QB,4,0,3,5,32,0,1,2004
516,Tony Banks,HOU,QB,5,0,1,2,16,0,0,2004
523,Rodney Peete,CAR,QB,1,0,1,1,3,0,0,2004
531,Gus Frerotte,MIN,QB,16,0,0,1,0,0,0,2004
546,Brian St. Pierre,PIT,QB,1,0,0,1,0,0,0,2004
549,Tom Brady,NWE,QB,16,16,334,530,4110,26,14,2005
550,Trent Green,KAN,QB,16,16,317,507,4014,17,10,2005
551,Brett Favre,GNB,QB,16,16,372,607,3881,20,29,2005
552,Carson Palmer,CIN,QB,16,16,345,509,3836,32,12,2005
553,Eli Manning,NYG,QB,16,16,294,557,3762,24,17,2005
554,Kerry Collins,OAK,QB,15,15,302,565,3759,20,12,2005
555,Peyton Manning,IND,QB,16,16,305,453,3747,28,10,2005
556,Drew Bledsoe,DAL,QB,16,16,300,499,3639,23,17,2005
557,Drew Brees,SDG,QB,16,16,323,500,3576,24,15,2005
558,Matt Hasselbeck,SEA,QB,16,16,294,449,3459,24,9,2005
559,Jake Delhomme,CAR,QB,16,16,262,435,3421,24,16,2005
560,Jake Plummer,DEN,QB,16,16,277,456,3366,18,7,2005
561,Steve McNair,TEN,QB,14,14,292,476,3161,16,11,2005
562,Mark Brunell,WAS,QB,16,15,262,454,3050,23,10,2005
563,Gus Frerotte,MIA,QB,16,15,257,494,2996,18,13,2005
564,Aaron Brooks,NOR,QB,13,13,240,431,2882,13,17,2005
565,Kurt Warner,ARI,QB,10,10,242,375,2713,11,9,2005
566,Donovan McNabb,PHI,QB,9,9,211,357,2507,16,9,2005
567,David Carr,HOU,QB,16,16,256,423,2488,14,11,2005
568,Michael Vick,ATL,QB,15,15,214,387,2412,15,13,2005
569,Ben Roethlisberger,PIT,QB,12,12,168,268,2385,17,9,2005
570,Trent Dilfer,CLE,QB,11,11,199,333,2321,11,12,2005
571,Marc Bulger,STL,QB,8,8,192,287,2297,14,9,2005
572,Byron Leftwich,JAX,QB,11,11,175,302,2123,15,5,2005
573,Chris Simms,TAM,QB,11,10,191,313,2035,10,7,2005
574,Joey Harrington,DET,QB,12,11,188,330,2021,12,12,2005
575,Brad Johnson,MIN,QB,15,9,184,294,1885,12,4,2005
576,Kyle Orton,CHI,QB,15,15,190,368,1869,9,13,2005
577,Josh McCown,ARI,QB,9,6,163,270,1836,9,11,2005
578,Kyle Boller,BAL,QB,9,9,171,293,1799,11,12,2005
579,Anthony Wright,BAL,QB,9,7,164,266,1582,6,9,2005
580,Daunte Culpepper,MIN,QB,7,7,139,216,1564,6,12,2005
581,Brooks Bollinger,NYJ,QB,11,9,150,266,1558,7,6,2005
582,Kelly Holcomb,BUF,QB,10,8,155,230,1509,10,8,2005
583,J.P. Losman,BUF,QB,9,8,113,228,1340,8,8,2005
584,Jamie Martin,STL,QB,8,5,124,177,1277,5,7,2005
585,Mike McMahon,PHI,QB,9,7,94,207,1158,5,8,2005
586,Brian Griese,TAM,QB,6,6,112,174,1136,7,7,2005
587,David Garrard,JAX,QB,7,5,98,168,1117,4,1,2005
588,Charlie Frye,CLE,QB,7,5,98,164,1002,4,5,2005
589,Jeff Garcia,DET,QB,6,5,102,173,937,3,6,2005
590,Alex Smith,SFO,QB,9,7,84,165,875,1,11,2005
591,Ryan Fitzpatrick,STL,QB,4,3,76,135,777,4,8,2005
592,Vinny Testaverde,NYJ,QB,6,4,60,106,777,1,6,2005
593,Todd Bouman,NOR,QB,16,3,68,122,722,2,7,2005
594,Tim Rattay,SFO,QB,4,4,56,97,667,5,6,2005
595,Chad Pennington,NYJ,QB,3,3,49,83,530,2,3,2005
596,Matt Schaub,ATL,QB,16,1,33,64,495,4,0,2005
597,Ken Dorsey,SFO,QB,3,3,48,90,481,2,2,2005
598,Billy Volek,TEN,QB,6,1,50,88,474,4,2,2005
599,Sage Rosenfels,MIA,QB,4,1,34,61,462,4,3,2005
600,Jim Sorgi,IND,QB,5,0,42,61,444,3,1,2005
601,Tommy Maddox,PIT,QB,4,2,34,71,406,2,4,2005
602,Patrick Ramsey,WAS,QB,4,1,15,25,279,1,1,2005
603,Rex Grossman,CHI,QB,2,1,20,39,259,1,2,2005
604,Charlie Batch,PIT,QB,4,2,23,36,246,1,1,2005
605,Koy Detmer,PHI,QB,16,0,32,56,238,0,3,2005
606,Matt Cassel,NWE,QB,2,0,13,24,183,2,1,2005
607,John Navarre,ARI,QB,1,0,14,24,174,1,1,2005
608,Tony Banks,HOU,QB,2,0,14,25,173,1,2,2005
609,Seneca Wallace,SEA,QB,7,0,13,25,173,1,1,2005
610,Cody Pickett,SFO,QB,5,2,14,35,140,0,2,2005
611,Matt Mauck,TEN,QB,2,1,15,27,136,0,1,2005
612,Marques Tuiasosopo,OAK,QB,1,1,14,26,124,1,2,2005
613,Philip Rivers,SDG,QB,2,0,12,22,115,0,1,2005
614,Jay Fiedler,NYJ,QB,2,0,8,13,107,1,0,2005
615,Quinn Gray,JAX,QB,1,0,8,14,100,2,0,2005
616,Jon Kitna,CIN,QB,3,0,17,29,99,0,2,2005
618,Aaron Rodgers,GNB,QB,3,0,9,16,65,0,1,2005
619,Chris Weinke,CAR,QB,3,0,7,13,64,1,0,2005
620,Dan Orlovsky,DET,QB,2,0,7,17,63,0,0,2005
621,Jeff Blake,CHI,QB,2,0,8,9,55,1,0,2005
623,Doug Flutie,NWE,QB,5,0,5,10,29,0,0,2005
627,Kliff Kingsbury,NYJ,QB,1,0,1,2,17,0,0,2005
631,Bradlee Van Pelt,DEN,QB,3,0,2,8,7,0,0,2005
647,Drew Brees,NOR,QB,16,16,356,554,4418,26,11,2006
648,Peyton Manning,IND,QB,16,16,362,557,4397,31,9,2006
649,Marc Bulger,STL,QB,16,16,370,588,4301,24,8,2006
650,Jon Kitna,DET,QB,16,16,372,596,4208,21,22,2006
651,Carson Palmer,CIN,QB,16,16,324,520,4035,28,13,2006
652,Brett Favre,GNB,QB,16,16,343,613,3885,18,18,2006
653,Tom Brady,NWE,QB,16,16,319,516,3529,24,12,2006
654,Ben Roethlisberger,PIT,QB,15,15,280,469,3513,18,23,2006
655,Philip Rivers,SDG,QB,16,16,284,460,3388,22,9,2006
656,Chad Pennington,NYJ,QB,16,16,313,485,3352,17,16,2006
657,Eli Manning,NYG,QB,16,16,301,522,3244,24,18,2006
658,Rex Grossman,CHI,QB,16,16,262,480,3193,23,20,2006
659,J.P. Losman,BUF,QB,16,16,268,429,3051,19,14,2006
660,Steve McNair,BAL,QB,16,16,295,468,3050,16,12,2006
661,Tony Romo,DAL,QB,16,10,220,337,2903,19,13,2006
662,Alex Smith,SFO,QB,16,16,257,442,2890,16,16,2006
663,Jake Delhomme,CAR,QB,13,13,263,431,2805,17,11,2006
664,David Carr,HOU,QB,16,16,302,442,2767,11,12,2006
665,Brad Johnson,MIN,QB,15,14,270,439,2750,9,15,2006
666,Donovan McNabb,PHI,QB,10,10,180,316,2647,18,6,2006
667,Matt Leinart,ARI,QB,12,11,214,377,2547,11,12,2006
668,Michael Vick,ATL,QB,16,16,204,388,2474,20,13,2006
669,Charlie Frye,CLE,QB,13,13,252,393,2454,10,17,2006
670,Matt Hasselbeck,SEA,QB,12,12,210,371,2442,18,15,2006
671,Joey Harrington,MIA,QB,11,11,223,388,2236,12,15,2006
672,Vince Young,TEN,QB,15,13,184,357,2199,12,13,2006
673,Jake Plummer,DEN,QB,16,11,175,317,1994,11,13,2006
674,Damon Huard,KAN,QB,10,8,148,244,1878,11,1,2006
675,Mark Brunell,WAS,QB,10,9,162,260,1789,8,4,2006
676,David Garrard,JAX,QB,11,10,145,241,1735,10,9,2006
677,Andrew Walter,OAK,QB,12,8,147,276,1677,3,13,2006
678,Bruce Gradkowski,TAM,QB,13,11,177,328,1661,9,9,2006
679,Kurt Warner,ARI,QB,6,5,108,168,1377,6,5,2006
680,Trent Green,KAN,QB,8,8,121,198,1342,7,9,2006
681,Jeff Garcia,PHI,QB,8,6,116,188,1309,10,2,2006
682,Jason Campbell,WAS,QB,7,7,110,207,1297,10,6,2006
683,Drew Bledsoe,DAL,QB,6,6,90,169,1164,7,8,2006
684,Byron Leftwich,JAX,QB,6,6,108,183,1159,7,5,2006
685,Aaron Brooks,OAK,QB,8,8,110,192,1105,3,8,2006
686,Jay Cutler,DEN,QB,5,5,81,137,1001,9,5,2006
687,Daunte Culpepper,MIA,QB,4,4,81,134,929,2,3,2006
688,Seneca Wallace,SEA,QB,8,4,82,141,927,8,7,2006
689,Derek Anderson,CLE,QB,5,3,66,117,793,5,8,2006
690,Tim Rattay,TAM,QB,4,2,61,101,748,4,2,2006
691,Chris Weinke,CAR,QB,3,3,56,96,625,2,4,2006
692,Chris Simms,TAM,QB,3,3,58,106,585,1,7,2006
693,Kerry Collins,TEN,QB,4,3,42,90,549,1,6,2006
694,Charlie Batch,PIT,QB,8,1,31,53,492,5,0,2006
695,Kyle Boller,BAL,QB,5,0,33,55,485,5,2,2006
696,Tarvaris Jackson,MIN,QB,4,2,47,81,475,2,4,2006
697,Cleo Lemon,MIA,QB,4,1,38,68,412,2,1,2006
698,A.J. Feeley,PHI,QB,2,0,26,38,342,3,0,2006
699,Sage Rosenfels,HOU,QB,4,0,27,39,265,3,1,2006
700,Brian Griese,CHI,QB,6,0,18,32,220,1,2,2006
701,Jamie Martin,NOR,QB,16,0,16,24,208,1,1,2006
702,Matt Schaub,ATL,QB,16,0,18,27,208,1,2,2006
703,Quinn Gray,JAX,QB,2,0,13,22,166,0,0,2006
704,Brooks Bollinger,MIN,QB,2,0,13,18,146,0,1,2006
706,Marques Tuiasosopo,OAK,QB,2,0,6,13,68,1,2,2006
707,Brett Basanez,CAR,QB,1,0,6,11,56,0,1,2006
708,Aaron Rodgers,GNB,QB,2,0,6,15,46,0,0,2006
710,Matt Cassel,NWE,QB,6,0,5,8,32,0,0,2006
711,Anthony Wright,CIN,QB,4,0,3,3,31,0,0,2006
712,Vinny Testaverde,NWE,QB,3,0,2,3,29,1,0,2006
713,Gus Frerotte,STL,QB,1,0,1,3,27,0,0,2006
714,Brodie Croyle,KAN,QB,2,0,3,7,23,0,2,2006
721,Billy Volek,SDG,QB,1,0,1,2,4,0,0,2006
728,Kellen Clemens,NYJ,QB,2,0,0,1,0,0,0,2006
731,Ken Dorsey,CLE,QB,1,0,0,1,0,0,0,2006
741,Patrick Ramsey,NYJ,QB,1,0,0,1,0,0,0,2006
745,Tom Brady,NWE,QB,16,16,398,578,4806,50,8,2007
746,Drew Brees,NOR,QB,16,16,440,652,4423,28,18,2007
747,Tony Romo,DAL,QB,16,16,335,520,4211,36,19,2007
748,Brett Favre,GNB,QB,16,16,356,535,4155,28,15,2007
749,Carson Palmer,CIN,QB,16,16,373,575,4131,26,20,2007
750,Jon Kitna,DET,QB,16,16,355,561,4068,18,20,2007
751,Peyton Manning,IND,QB,16,16,337,515,4040,31,14,2007
752,Matt Hasselbeck,SEA,QB,16,16,352,562,3966,28,12,2007
753,Derek Anderson,CLE,QB,16,15,298,527,3787,29,19,2007
754,Jay Cutler,DEN,QB,16,16,297,467,3497,20,14,2007
755,Kurt Warner,ARI,QB,14,11,281,451,3417,27,17,2007
756,Eli Manning,NYG,QB,16,16,297,529,3336,23,20,2007
757,Donovan McNabb,PHI,QB,14,14,291,473,3324,19,7,2007
758,Ben Roethlisberger,PIT,QB,15,15,264,404,3154,32,11,2007
759,Philip Rivers,SDG,QB,16,16,277,460,3152,21,15,2007
760,Jason Campbell,WAS,QB,13,13,250,417,2700,12,11,2007
761,Vince Young,TEN,QB,15,15,238,382,2546,9,17,2007
762,David Garrard,JAX,QB,12,12,208,325,2509,18,3,2007
763,Jeff Garcia,TAM,QB,13,13,209,327,2440,13,4,2007
764,Marc Bulger,STL,QB,12,12,221,378,2392,11,15,2007
765,Damon Huard,KAN,QB,11,10,206,332,2257,11,13,2007
766,Matt Schaub,HOU,QB,11,11,192,289,2241,9,9,2007
767,Joey Harrington,ATL,QB,12,10,215,348,2215,7,8,2007
768,Tarvaris Jackson,MIN,QB,12,12,171,294,1911,9,12,2007
769,Brian Griese,CHI,QB,7,6,161,262,1803,10,12,2007
770,Cleo Lemon,MIA,QB,9,7,173,309,1773,6,6,2007
771,Chad Pennington,NYJ,QB,9,8,179,260,1765,10,9,2007
772,Kyle Boller,BAL,QB,12,8,168,275,1743,9,10,2007
773,Sage Rosenfels,HOU,QB,9,5,154,240,1684,15,12,2007
774,Trent Edwards,BUF,QB,10,9,151,269,1630,7,8,2007
775,Kellen Clemens,NYJ,QB,10,8,130,250,1529,5,10,2007
776,Rex Grossman,CHI,QB,8,7,122,225,1411,4,7,2007
777,Daunte Culpepper,OAK,QB,7,6,108,186,1331,5,5,2007
778,Brodie Croyle,KAN,QB,9,6,127,224,1227,6,6,2007
779,J.P. Losman,BUF,QB,8,7,111,175,1204,4,6,2007
780,Trent Dilfer,SFO,QB,7,6,113,219,1166,7,12,2007
781,Josh McCown,OAK,QB,9,9,111,190,1151,10,11,2007
782,Steve McNair,BAL,QB,6,6,133,205,1113,2,4,2007
783,Chris Redman,ATL,QB,7,4,89,149,1079,10,5,2007
784,Gus Frerotte,STL,QB,8,3,94,167,1014,7,12,2007
785,Luke McCown,TAM,QB,5,3,94,139,1009,5,3,2007
786,Trent Green,MIA,QB,5,5,85,141,987,5,7,2007
787,Quinn Gray,JAX,QB,8,4,80,144,986,10,5,2007
788,Vinny Testaverde,CAR,QB,7,6,94,172,952,5,6,2007
789,Alex Smith,SFO,QB,7,7,94,193,914,2,4,2007
790,Todd Collins,WAS,QB,4,3,67,105,888,5,0,2007
791,Matt Moore,CAR,QB,9,3,63,111,730,3,5,2007
792,A.J. Feeley,PHI,QB,3,2,59,103,681,5,8,2007
793,Matt Leinart,ARI,QB,5,5,60,112,647,2,4,2007
794,David Carr,CAR,QB,6,4,73,136,635,3,5,2007
795,Jake Delhomme,CAR,QB,3,3,55,86,624,8,1,2007
796,John Beck,MIA,QB,5,4,60,107,559,1,3,2007
797,Kerry Collins,TEN,QB,6,1,50,82,531,0,0,2007
798,Kelly Holcomb,MIN,QB,3,3,42,83,515,2,1,2007
799,Shaun Hill,SFO,QB,3,2,54,79,501,5,1,2007
800,Kyle Orton,CHI,QB,3,3,43,80,478,3,2,2007
801,Troy Smith,BAL,QB,4,2,40,76,452,2,0,2007
802,Brooks Bollinger,MIN,QB,5,1,33,50,391,1,1,2007
803,JaMarcus Russell,OAK,QB,4,1,36,66,373,2,4,2007
804,Byron Leftwich,ATL,QB,3,2,32,58,279,1,2,2007
805,Patrick Ramsey,DEN,QB,2,0,29,48,262,1,1,2007
806,Charlie Batch,PIT,QB,7,1,17,36,232,2,3,2007
807,Aaron Rodgers,GNB,QB,2,0,20,28,218,1,0,2007
808,Seneca Wallace,SEA,QB,10,0,19,28,215,2,1,2007
809,Tim Rattay,ARI,QB,4,0,15,27,164,3,3,2007
810,Brock Berlin,STL,QB,1,1,17,28,153,0,1,2007
811,J.T. O'Sullivan,DET,QB,4,0,13,26,148,1,2,2007
812,Jim Sorgi,IND,QB,4,0,18,36,132,1,0,2007
813,Bruce Gradkowski,TAM,QB,4,0,13,24,130,0,1,2007
814,Chris Weinke,SFO,QB,2,1,13,22,104,1,0,2007
816,Craig Nall,GNB,QB,1,0,7,15,88,1,0,2007
817,Brad Johnson,DAL,QB,16,0,7,11,79,0,0,2007
818,Brady Quinn,CLE,QB,1,0,3,8,45,0,0,2007
819,Tyler Thigpen,KAN,QB,1,0,2,6,41,0,1,2007
820,Matt Cassel,NWE,QB,6,0,4,7,38,0,1,2007
821,Andrew Walter,OAK,QB,1,0,5,8,38,0,0,2007
823,Charlie Frye,CLE,QB,1,1,4,10,34,0,1,2007
825,Jared Lorenzen,NYG,QB,2,0,4,8,28,0,0,2007
829,Matt Gutierrez,NWE,QB,5,0,1,1,15,0,0,2007
831,Anthony Wright,NYG,QB,3,0,1,7,12,0,0,2007
834,Billy Volek,SDG,QB,5,0,3,10,6,0,1,2007
846,Drew Brees,NOR,QB,16,16,413,635,5069,34,17,2008
847,Kurt Warner,ARI,QB,16,16,401,598,4583,30,14,2008
848,Jay Cutler,DEN,QB,16,16,384,616,4526,25,18,2008
849,Aaron Rodgers,GNB,QB,16,16,341,536,4038,28,13,2008
850,Philip Rivers,SDG,QB,16,16,312,478,4009,34,11,2008
851,Peyton Manning,IND,QB,16,16,371,555,4002,27,12,2008
852,Donovan McNabb,PHI,QB,16,16,345,571,3916,23,11,2008
853,Matt Cassel,NWE,QB,16,15,327,516,3693,21,11,2008
854,Chad Pennington,MIA,QB,16,16,321,476,3653,19,7,2008
855,David Garrard,JAX,QB,16,16,335,535,3620,15,13,2008
856,Brett Favre,NYJ,QB,16,16,343,522,3472,22,22,2008
857,Tony Romo,DAL,QB,13,13,276,450,3448,26,14,2008
858,Matt Ryan,ATL,QB,16,16,265,434,3440,16,11,2008
859,Ben Roethlisberger,PIT,QB,16,16,281,469,3301,17,15,2008
860,Jake Delhomme,CAR,QB,16,16,246,414,3288,15,12,2008
861,Jason Campbell,WAS,QB,16,16,315,506,3245,13,6,2008
862,Eli Manning,NYG,QB,16,16,289,479,3238,21,10,2008
863,Matt Schaub,HOU,QB,11,11,251,380,3043,15,10,2008
864,Kyle Orton,CHI,QB,15,15,272,465,2972,18,12,2008
865,Joe Flacco,BAL,QB,16,16,257,428,2971,14,12,2008
866,Marc Bulger,STL,QB,15,15,251,440,2720,11,13,2008
867,Jeff Garcia,TAM,QB,12,11,244,376,2712,12,6,2008
868,Trent Edwards,BUF,QB,14,14,245,374,2699,11,10,2008
869,Kerry Collins,TEN,QB,16,15,242,415,2676,12,7,2008
870,Tyler Thigpen,KAN,QB,14,11,230,420,2608,18,12,2008
871,JaMarcus Russell,OAK,QB,15,15,198,368,2423,13,8,2008
872,Gus Frerotte,MIN,QB,11,11,178,301,2157,12,15,2008
873,Shaun Hill,SFO,QB,9,8,181,288,2046,13,8,2008
874,Ryan Fitzpatrick,CIN,QB,13,12,221,372,1905,8,9,2008
875,J.T. O'Sullivan,SFO,QB,9,8,128,220,1678,8,11,2008
876,Dan Orlovsky,DET,QB,10,7,143,255,1616,8,8,2008
877,Derek Anderson,CLE,QB,10,9,142,283,1615,9,8,2008
878,Seneca Wallace,SEA,QB,10,8,141,242,1532,11,3,2008
879,Sage Rosenfels,HOU,QB,6,5,116,174,1431,6,10,2008
880,Matt Hasselbeck,SEA,QB,7,7,109,209,1216,5,10,2008
881,Brian Griese,TAM,QB,5,5,110,184,1073,5,7,2008
882,Tarvaris Jackson,MIN,QB,9,5,88,149,1056,9,2,2008
883,Daunte Culpepper,DET,QB,5,5,60,115,786,4,6,2008
884,Jon Kitna,DET,QB,4,4,68,120,758,5,5,2008
885,Carson Palmer,CIN,QB,4,4,75,129,731,3,4,2008
886,J.P. Losman,BUF,QB,5,2,63,104,584,2,5,2008
887,Trent Green,STL,QB,3,1,38,72,525,0,6,2008
888,Brady Quinn,CLE,QB,3,3,45,89,518,2,2,2008
889,Damon Huard,KAN,QB,5,3,50,81,477,2,4,2008
890,Brad Johnson,DAL,QB,16,3,41,78,427,2,5,2008
891,Ken Dorsey,CLE,QB,4,3,43,91,370,0,7,2008
892,Byron Leftwich,PIT,QB,5,0,21,36,303,2,0,2008
893,Matt Leinart,ARI,QB,4,0,15,29,264,1,1,2008
894,Rex Grossman,CHI,QB,4,1,32,62,257,2,2,2008
895,Vince Young,TEN,QB,3,1,22,36,219,1,2,2008
896,Andrew Walter,OAK,QB,2,1,22,49,204,0,3,2008
897,Jim Sorgi,IND,QB,1,0,22,30,178,0,0,2008
898,Brodie Croyle,KAN,QB,2,2,20,29,151,0,0,2008
899,Kevin Kolb,PHI,QB,6,0,17,34,144,0,4,2008
900,Drew Stanton,DET,QB,3,0,9,17,119,1,0,2008
901,David Carr,NYG,QB,3,0,9,12,115,2,0,2008
902,Charlie Frye,SEA,QB,2,1,12,23,83,2,2,2008
903,Troy Smith,BAL,QB,6,0,3,4,82,1,0,2008
904,Tom Brady,NWE,QB,1,1,7,11,76,0,0,2008
905,Quinn Gray,KAN,QB,1,0,7,8,76,1,0,2008
906,Brooks Bollinger,DAL,QB,2,0,10,17,71,1,1,2008
907,Chad Henne,MIA,QB,3,0,7,12,67,0,0,2008
911,Jordan Palmer,CIN,QB,3,0,7,12,41,0,2,2008
914,Kellen Clemens,NYJ,QB,2,0,3,5,26,0,1,2008
915,Bruce Gradkowski,CLE,QB,2,1,7,21,26,0,3,2008
916,Kevin O'Connell,NWE,QB,2,0,4,6,23,0,0,2008
917,Drew Henson,DET,QB,2,0,1,2,20,0,0,2008
919,Patrick Ramsey,DEN,QB,1,0,2,3,19,0,0,2008
926,Chris Simms,TEN,QB,1,0,1,2,7,0,0,2008
927,Brock Berlin,STL,QB,1,0,1,3,6,0,0,2008
928,Matt Flynn,GNB,QB,7,0,2,5,6,0,0,2008
932,Marques Tuiasosopo,OAK,QB,2,0,1,2,4,0,0,2008
933,Dennis Dixon,PIT,QB,1,0,1,1,3,0,0,2008
941,Cleo Lemon,JAX,QB,2,0,0,2,0,0,0,2008
943,Luke McCown,TAM,QB,2,0,0,1,0,0,0,2008
949,Matt Schaub,HOU,QB,16,16,396,583,4770,29,15,2009
950,Peyton Manning,IND,QB,16,16,393,571,4500,33,16,2009
951,Tony Romo,DAL,QB,16,16,347,550,4483,26,9,2009
952,Aaron Rodgers,GNB,QB,16,16,350,541,4434,30,7,2009
953,Tom Brady,NWE,QB,16,16,371,565,4398,28,13,2009
954,Drew Brees,NOR,QB,15,15,363,514,4388,34,11,2009
955,Ben Roethlisberger,PIT,QB,15,15,337,506,4328,26,12,2009
956,Philip Rivers,SDG,QB,16,16,317,486,4254,28,9,2009
957,Brett Favre,MIN,QB,16,16,363,531,4202,33,7,2009
958,Eli Manning,NYG,QB,16,16,317,509,4021,27,14,2009
959,Kyle Orton,DEN,QB,16,15,336,541,3802,21,12,2009
960,Kurt Warner,ARI,QB,15,15,339,513,3753,26,14,2009
961,Jay Cutler,CHI,QB,16,16,336,555,3666,27,26,2009
962,Jason Campbell,WAS,QB,16,16,327,507,3618,20,15,2009
963,Joe Flacco,BAL,QB,16,16,315,499,3613,21,12,2009
964,David Garrard,JAX,QB,16,16,314,516,3597,15,10,2009
965,Donovan McNabb,PHI,QB,14,14,267,443,3553,22,10,2009
966,Carson Palmer,CIN,QB,16,16,282,466,3094,21,13,2009
967,Matt Hasselbeck,SEA,QB,14,14,293,488,3029,17,17,2009
968,Matt Cassel,KAN,QB,15,15,271,493,2924,16,16,2009
969,Matt Ryan,ATL,QB,14,14,263,451,2916,22,14,2009
970,Chad Henne,MIA,QB,14,13,274,451,2878,12,14,2009
971,Mark Sanchez,NYJ,QB,15,15,196,364,2444,12,20,2009
972,Alex Smith,SFO,QB,11,10,225,372,2350,18,12,2009
973,Matthew Stafford,DET,QB,10,10,201,377,2267,13,20,2009
974,Jake Delhomme,CAR,QB,11,11,178,321,2015,8,18,2009
975,Vince Young,TEN,QB,12,10,152,259,1879,10,7,2009
976,Josh Freeman,TAM,QB,10,9,158,290,1855,10,18,2009
977,Marc Bulger,STL,QB,9,8,140,247,1469,5,6,2009
978,Ryan Fitzpatrick,BUF,QB,10,8,127,227,1422,9,10,2009
979,Brady Quinn,CLE,QB,10,9,136,256,1339,8,7,2009
980,JaMarcus Russell,OAK,QB,12,9,120,246,1287,3,11,2009
981,Kerry Collins,TEN,QB,7,6,119,216,1225,6,8,2009
982,Trent Edwards,BUF,QB,8,7,110,183,1169,6,7,2009
983,Matt Moore,CAR,QB,7,5,85,138,1053,8,2,2009
984,Bruce Gradkowski,OAK,QB,7,4,82,150,1007,6,3,2009
985,Daunte Culpepper,DET,QB,8,5,89,157,945,3,6,2009
986,Shaun Hill,SFO,QB,6,6,87,155,943,5,2,2009
987,Kyle Boller,STL,QB,7,4,98,176,899,3,6,2009
988,Derek Anderson,CLE,QB,8,7,81,182,888,3,10,2009
989,Chris Redman,ATL,QB,6,2,69,119,781,4,3,2009
990,Kevin Kolb,PHI,QB,5,2,62,96,741,4,3,2009
991,Seneca Wallace,SEA,QB,13,2,78,120,700,3,2,2009
992,Josh Johnson,TAM,QB,6,4,63,125,685,4,8,2009
993,Byron Leftwich,TAM,QB,3,3,58,107,594,4,3,2009
994,Charlie Frye,OAK,QB,3,3,53,87,581,1,4,2009
995,Keith Null,STL,QB,4,4,73,119,566,3,9,2009
996,Matt Leinart,ARI,QB,8,1,51,77,435,0,3,2009
997,Chad Pennington,MIA,QB,3,3,51,74,413,1,2,2009
998,Drew Stanton,DET,QB,3,1,26,51,259,0,6,2009
999,Billy Volek,SDG,QB,4,0,20,31,231,1,1,2009
1000,Brodie Croyle,KAN,QB,3,1,23,40,230,2,0,2009
1001,David Carr,NYG,QB,6,0,21,33,225,1,0,2009
1002,Tarvaris Jackson,MIN,QB,8,0,14,21,201,1,0,2009
1003,Brian Brohm,BUF,QB,2,1,17,29,146,0,2,2009
1004,Dennis Dixon,PIT,QB,1,1,12,26,145,1,1,2009
1005,Todd Collins,WAS,QB,3,0,12,23,144,0,0,2009
1006,Brian Hoyer,NWE,QB,5,0,19,27,142,0,0,2009
1007,Kellen Clemens,NYJ,QB,10,1,13,26,125,0,0,2009
1008,Mark Brunell,NOR,QB,16,1,15,30,102,0,1,2009
1009,Michael Vick,PHI,QB,12,1,6,13,86,1,0,2009
1010,Curtis Painter,IND,QB,2,0,8,28,83,0,2,2009
1011,Tyler Thigpen,MIA,QB,2,0,4,8,83,1,2,2009
1012,Matt Flynn,GNB,QB,15,0,7,12,58,0,1,2009
1014,J.T. O'Sullivan,CIN,QB,3,0,4,11,40,0,0,2009
1017,Rex Grossman,HOU,QB,1,0,3,9,33,0,1,2009
1022,Troy Smith,BAL,QB,4,0,5,9,24,0,1,2009
1023,Chris Simms,DEN,QB,3,1,5,17,23,0,1,2009
1028,Charlie Batch,PIT,QB,1,0,1,2,17,0,0,2009
1029,Brian St. Pierre,ARI,QB,1,0,2,4,12,1,1,2009
1030,Caleb Hanie,CHI,QB,2,0,3,7,11,0,1,2009
1033,Matt Gutierrez,KAN,QB,1,0,1,1,3,0,0,2009
1034,Josh McCown,CAR,QB,1,0,1,6,2,0,0,2009
1035,Luke McCown,JAX,QB,3,0,1,3,2,0,0,2009
1045,J.P. Losman,OAK,QB,1,0,0,1,0,0,0,2009
1057,Philip Rivers,SDG,QB,16,16,357,541,4710,30,13,2010
1058,Peyton Manning,IND,QB,16,16,450,679,4700,33,17,2010
1059,Drew Brees,NOR,QB,16,16,448,658,4620,33,22,2010
1060,Matt Schaub,HOU,QB,16,16,365,574,4370,24,12,2010
1061,Eli Manning,NYG,QB,16,16,339,539,4002,31,25,2010
1062,Carson Palmer,CIN,QB,16,16,362,586,3970,26,20,2010
1063,Aaron Rodgers,GNB,QB,15,15,312,475,3922,28,11,2010
1064,Tom Brady,NWE,QB,16,16,324,492,3900,36,4,2010
1065,Matt Ryan,ATL,QB,16,16,357,571,3705,28,9,2010
1066,Kyle Orton,DEN,QB,13,13,293,498,3653,20,9,2010
1067,Joe Flacco,BAL,QB,16,16,306,489,3622,25,10,2010
1068,Sam Bradford,STL,QB,16,16,354,590,3512,18,15,2010
1069,Josh Freeman,TAM,QB,16,16,291,474,3451,25,6,2010
1070,Donovan McNabb,WAS,QB,13,13,275,472,3377,14,15,2010
1071,Chad Henne,MIA,QB,15,14,301,490,3301,15,19,2010
1072,Mark Sanchez,NYJ,QB,16,16,278,507,3291,17,13,2010
1073,Jay Cutler,CHI,QB,15,15,261,432,3274,23,16,2010
1074,Ben Roethlisberger,PIT,QB,12,12,240,389,3200,17,5,2010
1075,Matt Cassel,KAN,QB,15,15,262,450,3116,27,7,2010
1076,Michael Vick,PHI,QB,12,12,233,372,3018,21,6,2010
1077,Matt Hasselbeck,SEA,QB,14,14,266,444,3001,12,17,2010
1078,Ryan Fitzpatrick,BUF,QB,13,13,255,441,3000,23,15,2010
1079,David Garrard,JAX,QB,14,14,236,366,2734,23,15,2010
1080,Shaun Hill,DET,QB,11,10,257,416,2686,16,12,2010
1081,Brett Favre,MIN,QB,13,13,217,358,2509,11,19,2010
1082,Jason Campbell,OAK,QB,13,12,194,329,2387,13,8,2010
1083,Alex Smith,SFO,QB,11,10,204,342,2370,14,10,2010
1084,Jon Kitna,DAL,QB,10,9,209,318,2365,16,12,2010
1085,Derek Anderson,ARI,QB,12,9,169,327,2065,7,10,2010
1086,Kerry Collins,TEN,QB,10,7,160,278,1823,14,8,2010
1087,Tony Romo,DAL,QB,6,6,148,213,1605,11,7,2010
1088,Colt McCoy,CLE,QB,8,8,135,222,1576,6,9,2010
1089,Jimmy Clausen,CAR,QB,13,10,157,299,1558,3,9,2010
1090,Vince Young,TEN,QB,9,8,93,156,1255,10,3,2010
1091,Kevin Kolb,PHI,QB,7,5,115,189,1197,7,7,2010
1092,Troy Smith,SFO,QB,6,6,73,145,1176,5,4,2010
1093,Bruce Gradkowski,OAK,QB,6,4,83,157,1059,5,7,2010
1094,Rex Grossman,WAS,QB,4,3,74,133,884,7,4,2010
1095,Jake Delhomme,CLE,QB,5,4,93,149,872,2,7,2010
1096,Matt Moore,CAR,QB,6,5,79,143,857,5,10,2010
1097,Drew Stanton,DET,QB,6,3,69,119,780,4,3,2010
1098,Seneca Wallace,CLE,QB,8,4,64,101,694,4,2,2010
1099,John Skelton,ARI,QB,5,4,60,126,662,2,2,2010
1100,Tim Tebow,DEN,QB,9,3,41,82,654,5,3,2010
1101,Matthew Stafford,DET,QB,3,3,57,96,535,6,1,2010
1102,Trent Edwards,JAX,QB,5,3,55,101,521,2,5,2010
1103,Charlie Whitehurst,SEA,QB,6,2,57,99,507,2,3,2010
1104,Joe Webb,MIN,QB,5,2,54,89,477,0,3,2010
1105,Tyler Thigpen,MIA,QB,5,1,33,62,435,2,2,2010
1106,Matt Flynn,GNB,QB,7,1,40,66,433,3,2,2010
1107,Max Hall,ARI,QB,6,3,39,78,370,1,6,2010
1108,Charlie Batch,PIT,QB,3,2,29,49,352,3,3,2010
1109,Tarvaris Jackson,MIN,QB,3,1,34,58,341,3,4,2010
1110,Dennis Dixon,PIT,QB,2,2,22,32,254,0,1,2010
1111,Stephen McGee,DAL,QB,2,1,22,44,238,2,0,2010
1112,Todd Bouman,JAX,QB,1,1,18,34,222,2,2,2010
1113,Rusty Smith,TEN,QB,2,1,20,40,200,0,4,2010
1114,Brian St. Pierre,CAR,QB,1,1,13,28,173,1,2,2010
1115,Richard Bartel,ARI,QB,1,0,16,28,150,0,1,2010
1116,Brian Hoyer,NWE,QB,5,0,7,15,122,1,1,2010
1117,Luke McCown,JAX,QB,1,0,11,19,120,0,0,2010
1118,Mark Brunell,NYJ,QB,2,0,7,13,117,2,1,2010
1119,Josh Johnson,TAM,QB,11,0,14,16,111,0,0,2010
1120,Brian Brohm,BUF,QB,1,1,10,23,106,0,3,2010
1121,Todd Collins,CHI,QB,2,1,10,27,68,0,5,2010
1122,David Carr,SFO,QB,1,0,5,13,67,0,1,2010
1123,Caleb Hanie,CHI,QB,2,0,5,7,55,0,0,2010
1124,Tony Pike,CAR,QB,1,0,6,12,47,0,0,2010
1125,Byron Leftwich,PIT,QB,1,0,5,7,42,0,0,2010
1127,Brodie Croyle,KAN,QB,2,1,8,19,38,0,1,2010
1128,Tyler Palko,KAN,QB,2,0,4,6,35,0,0,2010
1132,Kyle Boller,OAK,QB,5,0,2,4,25,0,1,2010
1133,Levi Brown,BUF,QB,1,0,2,3,24,0,1,2010
1134,Chris Redman,ATL,QB,2,0,4,6,20,0,0,2010
1136,Chad Pennington,MIA,QB,1,1,1,2,19,0,0,2010
1137,Jordan Palmer,CIN,QB,1,0,3,3,18,0,0,2010
1139,Chase Daniel,NOR,QB,13,0,2,3,16,0,0,2010
1142,Billy Volek,SDG,QB,3,0,1,1,8,0,0,2010
1143,Kellen Clemens,NYJ,QB,1,0,1,2,6,0,0,2010
1150,Armanti Edwards,CAR,QB,3,0,1,1,0,0,0,2010
1159,Drew Brees,NOR,QB,16,16,468,657,5476,46,14,2011
1160,Tom Brady,NWE,QB,16,16,401,611,5235,39,12,2011
1161,Matthew Stafford,DET,QB,16,16,421,663,5038,41,16,2011
1162,Eli Manning,NYG,QB,16,16,359,589,4933,29,16,2011
1163,Aaron Rodgers,GNB,QB,15,15,343,502,4643,45,6,2011
1164,Philip Rivers,SDG,QB,16,16,366,582,4624,27,20,2011
1165,Tony Romo,DAL,QB,16,16,346,522,4184,31,10,2011
1166,Matt Ryan,ATL,QB,16,16,347,566,4177,29,12,2011
1167,Ben Roethlisberger,PIT,QB,15,15,324,513,4077,21,14,2011
1168,Cam Newton,CAR,QB,16,16,310,517,4051,21,17,2011
1169,Ryan Fitzpatrick,BUF,QB,16,16,353,569,3832,24,23,2011
1170,Joe Flacco,BAL,QB,16,16,312,542,3610,20,12,2011
1171,Josh Freeman,TAM,QB,15,15,346,551,3592,16,22,2011
1172,Matt Hasselbeck,TEN,QB,16,16,319,518,3571,18,14,2011
1173,Mark Sanchez,NYJ,QB,16,16,308,543,3474,26,18,2011
1174,Andy Dalton,CIN,QB,16,16,300,516,3398,20,13,2011
1175,Michael Vick,PHI,QB,13,13,253,423,3303,18,14,2011
1176,Rex Grossman,WAS,QB,13,13,265,458,3151,16,20,2011
1177,Alex Smith,SFO,QB,16,16,273,445,3144,17,5,2011
1178,Tarvaris Jackson,SEA,QB,15,14,271,450,3091,14,13,2011
1179,Carson Palmer,OAK,QB,10,9,199,328,2753,13,16,2011
1180,Colt McCoy,CLE,QB,13,13,265,463,2733,14,11,2011
1181,Matt Moore,MIA,QB,13,12,210,347,2497,16,9,2011
1182,Matt Schaub,HOU,QB,10,10,178,292,2479,15,6,2011
1183,Jay Cutler,CHI,QB,10,10,182,314,2319,13,7,2011
1184,Blaine Gabbert,JAX,QB,15,14,210,413,2214,12,11,2011
1185,Sam Bradford,STL,QB,10,10,191,357,2164,6,6,2011
1186,Kevin Kolb,ARI,QB,9,9,146,253,1955,9,8,2011
1187,John Skelton,ARI,QB,8,7,151,275,1913,11,14,2011
1188,Christian Ponder,MIN,QB,11,10,158,291,1853,13,13,2011
1189,Kyle Orton,KAN,QB,9,8,150,252,1758,9,9,2011
1190,Tim Tebow,DEN,QB,14,11,126,271,1729,12,6,2011
1191,Matt Cassel,KAN,QB,9,9,160,269,1713,10,9,2011
1192,Curtis Painter,IND,QB,9,8,132,243,1541,6,9,2011
1193,Dan Orlovsky,IND,QB,8,5,122,193,1201,6,4,2011
1194,Jason Campbell,OAK,QB,6,6,100,165,1170,6,4,2011
1195,Donovan McNabb,MIN,QB,6,6,94,156,1026,4,2,2011
1196,T.J. Yates,HOU,QB,6,5,82,134,949,3,3,2011
1197,Chad Henne,MIA,QB,4,4,64,112,868,4,4,2011
1198,Vince Young,PHI,QB,6,3,66,114,866,4,9,2011
1199,John Beck,WAS,QB,4,3,80,132,858,2,4,2011
1200,Tyler Palko,KAN,QB,6,4,80,134,796,2,7,2011
1201,Caleb Hanie,CHI,QB,6,4,51,102,613,3,9,2011
1202,Seneca Wallace,CLE,QB,6,3,55,107,567,2,2,2011
1203,A.J. Feeley,STL,QB,5,3,53,97,548,1,2,2011
1204,Kellen Clemens,STL,QB,3,3,48,91,546,2,1,2011
1205,Jake Locker,TEN,QB,5,0,34,66,542,4,0,2011
1206,Matt Flynn,GNB,QB,5,1,33,49,518,6,2,2011
1207,Kerry Collins,IND,QB,3,3,48,98,481,2,1,2011
1208,Josh McCown,CHI,QB,3,2,35,55,414,2,4,2011
1209,Joe Webb,MIN,QB,11,1,34,63,376,3,2,2011
1210,Charlie Whitehurst,SEA,QB,3,2,27,56,298,1,1,2011
1211,Luke McCown,JAX,QB,4,2,30,56,296,0,4,2011
1212,Josh Johnson,TAM,QB,9,1,19,36,246,1,2,2011
1213,Jake Delhomme,HOU,QB,1,0,18,28,211,1,0,2011
1214,Charlie Batch,PIT,QB,4,1,15,24,208,0,1,2011
1215,Chris Redman,ATL,QB,5,0,18,28,188,0,1,2011
1216,Stephen McGee,DAL,QB,1,0,24,38,182,1,0,2011
1217,Kyle Boller,OAK,QB,2,1,15,28,161,0,3,2011
1218,Bruce Gradkowski,CIN,QB,2,0,8,18,109,1,1,2011
1219,Mike Kafka,PHI,QB,4,0,11,16,107,0,2,2011
1220,Jon Kitna,DAL,QB,3,0,6,10,87,1,2,2011
1221,Richard Bartel,ARI,QB,2,0,10,22,86,1,1,2011
1222,J.P. Losman,MIA,QB,2,0,6,10,60,0,0,2011
1223,Matt Leinart,HOU,QB,2,1,10,13,57,1,0,2011
1227,Colin Kaepernick,SFO,QB,3,0,3,5,35,0,0,2011
1229,Shaun Hill,DET,QB,2,0,2,3,33,0,0,2011
1231,Chase Daniel,NOR,QB,16,0,4,5,29,0,0,2011
1232,Mark Brunell,NYJ,QB,16,0,1,3,27,0,0,2011
1234,Tyler Thigpen,BUF,QB,3,0,3,8,25,0,1,2011
1235,Brian Hoyer,NWE,QB,3,0,1,1,22,0,0,2011
1236,Tyrod Taylor,BAL,QB,3,0,1,1,18,0,0,2011
1239,Armanti Edwards,CAR,QB,16,0,1,1,11,0,0,2011
1241,Tom Brandstater,STL,QB,1,0,0,2,0,0,0,2011
1255,Drew Brees,NOR,QB,16,16,422,670,5177,43,19,2012
1256,Matthew Stafford,DET,QB,16,16,435,727,4967,20,17,2012
1257,Tony Romo,DAL,QB,16,16,425,648,4903,28,19,2012
1258,Tom Brady,NWE,QB,16,16,401,637,4827,34,8,2012
1259,Matt Ryan,ATL,QB,16,16,422,615,4719,32,14,2012
1260,Peyton Manning,DEN,QB,16,16,400,583,4659,37,11,2012
1261,Andrew Luck,IND,QB,16,16,339,627,4374,23,18,2012
1262,Aaron Rodgers,GNB,QB,16,16,371,552,4295,39,8,2012
1263,Josh Freeman,TAM,QB,16,16,306,558,4065,27,17,2012
1264,Carson Palmer,OAK,QB,15,15,345,565,4018,22,14,2012
1265,Matt Schaub,HOU,QB,16,16,350,544,4008,22,12,2012
1266,Eli Manning,NYG,QB,16,16,321,536,3948,26,15,2012
1267,Cam Newton,CAR,QB,16,16,280,485,3869,19,12,2012
1268,Joe Flacco,BAL,QB,16,16,317,531,3817,22,10,2012
1269,Sam Bradford,STL,QB,16,16,328,551,3702,21,13,2012
1270,Andy Dalton,CIN,QB,16,16,329,528,3669,27,16,2012
1271,Philip Rivers,SDG,QB,16,16,338,527,3606,26,15,2012
1272,Ryan Fitzpatrick,BUF,QB,16,16,306,505,3400,24,16,2012
1273,Brandon Weeden,CLE,QB,15,15,297,517,3385,14,17,2012
1274,Ryan Tannehill,MIA,QB,16,16,282,484,3294,12,13,2012
1275,Ben Roethlisberger,PIT,QB,13,13,284,449,3265,26,8,2012
1276,Robert Griffin III,WAS,QB,15,15,258,393,3200,20,5,2012
1277,Russell Wilson,SEA,QB,16,16,252,393,3118,26,10,2012
1278,Jay Cutler,CHI,QB,15,15,255,434,3033,19,14,2012
1279,Christian Ponder,MIN,QB,16,16,300,483,2935,18,12,2012
1280,Mark Sanchez,NYJ,QB,15,15,246,453,2883,13,18,2012
1281,Michael Vick,PHI,QB,10,10,204,351,2362,12,10,2012
1282,Jake Locker,TEN,QB,11,11,177,314,2176,10,11,2012
1283,Chad Henne,JAX,QB,10,6,166,308,2084,11,11,2012
1284,Colin Kaepernick,SFO,QB,13,7,136,218,1814,10,3,2012
1285,Matt Cassel,KAN,QB,9,8,161,277,1796,6,12,2012
1286,Alex Smith,SFO,QB,10,9,153,218,1737,13,5,2012
1287,Nick Foles,PHI,QB,7,6,161,265,1699,6,5,2012
1288,Blaine Gabbert,JAX,QB,10,10,162,278,1662,9,6,2012
1289,Matt Hasselbeck,TEN,QB,8,5,138,221,1367,7,5,2012
1290,Kevin Kolb,ARI,QB,6,5,109,183,1169,8,3,2012
1291,Brady Quinn,KAN,QB,10,8,112,197,1141,2,8,2012
1292,John Skelton,ARI,QB,7,6,109,201,1132,2,9,2012
1293,Ryan Lindley,ARI,QB,6,4,89,171,752,0,7,2012
1294,Charlie Batch,PIT,QB,2,2,45,70,475,1,4,2012
1295,Kirk Cousins,WAS,QB,3,1,33,48,466,4,3,2012
1296,Brian Hoyer,ARI,QB,2,1,30,53,330,1,2,2012
1297,Byron Leftwich,PIT,QB,2,1,25,53,272,0,1,2012
1298,Jason Campbell,CHI,QB,6,1,32,51,265,2,2,2012
1299,Greg McElroy,NYJ,QB,2,1,19,31,214,1,1,2012
1300,Thaddeus Lewis,CLE,QB,1,1,22,32,204,1,1,2012
1301,Tyrod Taylor,BAL,QB,7,0,17,29,179,0,1,2012
1302,Shaun Hill,DET,QB,1,0,10,13,172,2,0,2012
1303,Terrelle Pryor,OAK,QB,3,1,14,30,155,2,1,2012
1304,Matt Moore,MIA,QB,2,0,11,19,131,1,0,2012
1305,Matt Leinart,OAK,QB,2,0,16,33,115,0,1,2012
1306,Kyle Orton,DAL,QB,1,0,9,10,89,1,0,2012
1307,Colt McCoy,CLE,QB,3,0,9,17,79,1,0,2012
1309,Matt Flynn,SEA,QB,3,0,5,9,68,0,0,2012
1310,Bruce Gradkowski,CIN,QB,2,0,5,11,65,0,0,2012
1311,Derek Anderson,CAR,QB,2,0,4,4,58,0,0,2012
1312,Dan Orlovsky,TAM,QB,1,0,4,7,51,0,0,2012
1315,Kellen Clemens,STL,QB,2,0,1,3,39,0,1,2012
1316,Tim Tebow,NYJ,QB,12,2,6,8,39,0,0,2012
1317,T.J. Yates,HOU,QB,4,0,4,10,38,0,1,2012
1318,Rusty Smith,TEN,QB,1,0,3,5,34,0,0,2012
1319,Tyler Thigpen,BUF,QB,4,0,3,5,30,0,0,2012
1324,Graham Harrell,GNB,QB,4,0,2,4,20,0,0,2012
1325,David Carr,NYG,QB,2,0,2,3,19,0,0,2012
1326,Ryan Mallett,NWE,QB,4,0,1,4,17,0,1,2012
1327,Trent Edwards,PHI,QB,1,0,2,2,14,0,0,2012
1328,Brock Osweiler,DEN,QB,5,0,2,4,12,0,0,2012
1329,Chase Daniel,NOR,QB,16,0,1,1,10,0,0,2012
1333,Armanti Edwards,CAR,QB,16,0,0,1,0,0,0,2012
1340,Peyton Manning,DEN,QB,16,16,450,659,5477,55,10,2013
1341,Drew Brees,NOR,QB,16,16,446,650,5162,39,12,2013
1342,Matthew Stafford,DET,QB,16,16,371,634,4650,29,19,2013
1343,Matt Ryan,ATL,QB,16,16,439,651,4515,26,17,2013
1344,Philip Rivers,SDG,QB,16,16,378,544,4478,32,11,2013
1345,Tom Brady,NWE,QB,16,16,380,628,4343,25,11,2013
1346,Andy Dalton,CIN,QB,16,16,363,586,4293,33,20,2013
1347,Carson Palmer,ARI,QB,16,16,362,572,4274,24,22,2013
1348,Ben Roethlisberger,PIT,QB,16,16,375,584,4261,28,14,2013
1349,Ryan Tannehill,MIA,QB,16,16,355,588,3913,24,17,2013
1350,Joe Flacco,BAL,QB,16,16,362,614,3912,19,22,2013
1351,Tony Romo,DAL,QB,15,15,342,535,3828,31,10,2013
1352,Andrew Luck,IND,QB,16,16,343,570,3822,23,9,2013
1353,Eli Manning,NYG,QB,16,16,317,551,3818,18,27,2013
1354,Cam Newton,CAR,QB,16,16,292,473,3379,24,13,2013
1355,Russell Wilson,SEA,QB,16,16,257,407,3357,26,9,2013
1356,Alex Smith,KAN,QB,15,15,308,508,3313,23,7,2013
1357,Chad Henne,JAX,QB,15,13,305,503,3241,13,14,2013
1358,Robert Griffin III,WAS,QB,13,13,274,456,3203,16,12,2013
1359,Colin Kaepernick,SFO,QB,16,16,243,416,3197,21,8,2013
1360,Geno Smith,NYJ,QB,16,16,247,443,3046,12,21,2013
1361,Nick Foles,PHI,QB,13,10,203,317,2891,27,2,2013
1362,Jay Cutler,CHI,QB,11,11,224,355,2621,19,12,2013
1363,Mike Glennon,TAM,QB,13,13,247,416,2608,19,9,2013
1364,Aaron Rodgers,GNB,QB,9,9,193,290,2536,17,6,2013
1365,Ryan Fitzpatrick,TEN,QB,11,9,217,350,2454,14,12,2013
1366,Matt Schaub,HOU,QB,10,8,219,358,2310,10,14,2013
1367,Jason Campbell,CLE,QB,9,8,180,317,2015,11,8,2013
1368,EJ Manuel,BUF,QB,10,10,180,306,1972,11,9,2013
1369,Josh McCown,CHI,QB,8,5,149,224,1829,13,1,2013
1370,Matt Cassel,MIN,QB,9,6,153,254,1807,11,9,2013
1371,Terrelle Pryor,OAK,QB,11,9,156,272,1798,7,11,2013
1372,Case Keenum,HOU,QB,8,8,137,253,1760,9,6,2013
1373,Brandon Weeden,CLE,QB,8,5,141,267,1731,9,9,2013
1374,Sam Bradford,STL,QB,7,7,159,262,1687,14,4,2013
1375,Kellen Clemens,STL,QB,10,9,142,242,1673,8,7,2013
1376,Christian Ponder,MIN,QB,9,9,152,239,1648,7,9,2013
1377,Matt McGloin,OAK,QB,7,6,118,211,1547,8,8,2013
1378,Matt Flynn,GNB,QB,7,5,124,200,1392,8,5,2013
1379,Jake Locker,TEN,QB,7,7,111,183,1256,8,4,2013
1380,Michael Vick,PHI,QB,7,6,77,141,1215,5,3,2013
1381,Thaddeus Lewis,BUF,QB,6,5,93,157,1092,4,3,2013
1382,Kirk Cousins,WAS,QB,5,3,81,155,854,4,7,2013
1383,Josh Freeman,MIN,QB,4,4,63,147,761,2,4,2013
1384,Scott Tolzien,GNB,QB,3,2,55,90,717,1,5,2013
1385,Brian Hoyer,CLE,QB,3,3,57,96,615,5,3,2013
1386,Blaine Gabbert,JAX,QB,3,3,42,86,481,1,7,2013
1387,Kyle Orton,DAL,QB,3,1,33,51,398,2,2,2013
1388,Jeff Tuel,BUF,QB,2,1,26,59,309,1,3,2013
1389,Matt Barkley,PHI,QB,3,0,30,49,300,0,4,2013
1390,Chase Daniel,KAN,QB,5,1,25,38,248,1,1,2013
1391,Matt Simms,NYJ,QB,3,0,16,31,156,1,1,2013
1392,Tarvaris Jackson,SEA,QB,3,0,10,13,151,1,0,2013
1393,Seneca Wallace,GNB,QB,2,1,16,24,139,0,1,2013
1394,Matt Hasselbeck,IND,QB,3,0,7,12,130,0,1,2013
1395,T.J. Yates,HOU,QB,3,0,15,22,113,0,2,2013
1396,Brock Osweiler,DEN,QB,4,0,11,16,95,0,0,2013
1397,Curtis Painter,NYG,QB,3,0,8,16,57,0,2,2013
1398,Matt Moore,MIA,QB,1,0,2,6,53,0,2,2013
1400,Dominique Davis,ATL,QB,1,0,5,7,34,0,0,2013
1409,Colt McCoy,SFO,QB,4,0,1,1,13,0,0,2013
1413,Tyrod Taylor,BAL,QB,3,0,1,5,2,0,1,2013
1420,Luke McCown,NOR,QB,16,0,0,1,0,0,0,2013
1425,Drew Brees,NOR,QB,16,16,456,659,4952,33,17,2014
1426,Ben Roethlisberger,PIT,QB,16,16,408,608,4952,32,9,2014
1427,Andrew Luck,IND,QB,16,16,380,616,4761,40,16,2014
1428,Peyton Manning,DEN,QB,16,16,395,597,4727,39,15,2014
1429,Matt Ryan,ATL,QB,16,16,415,628,4694,28,14,2014
1430,Eli Manning,NYG,QB,16,16,379,601,4410,30,14,2014
1431,Aaron Rodgers,GNB,QB,16,16,341,520,4381,38,5,2014
1432,Philip Rivers,SDG,QB,16,16,379,570,4286,31,18,2014
1433,Matthew Stafford,DET,QB,16,16,363,602,4257,22,12,2014
1434,Tom Brady,NWE,QB,16,16,373,582,4109,33,9,2014
1435,Ryan Tannehill,MIA,QB,16,16,392,590,4045,27,12,2014
1436,Joe Flacco,BAL,QB,16,16,344,554,3986,27,12,2014
1437,Jay Cutler,CHI,QB,15,15,370,561,3812,28,18,2014
1438,Tony Romo,DAL,QB,15,15,304,435,3705,34,9,2014
1439,Russell Wilson,SEA,QB,16,16,285,452,3475,20,7,2014
1440,Andy Dalton,CIN,QB,16,16,309,481,3398,19,17,2014
1441,Colin Kaepernick,SFO,QB,16,16,289,478,3369,19,10,2014
1442,Brian Hoyer,CLE,QB,14,13,242,438,3326,12,13,2014
1443,Derek Carr,OAK,QB,16,16,348,599,3270,21,12,2014
1444,Alex Smith,KAN,QB,15,15,303,464,3265,18,6,2014
1445,Cam Newton,CAR,QB,14,14,262,448,3127,18,12,2014
1446,Kyle Orton,BUF,QB,12,12,287,447,3018,18,10,2014
1447,Teddy Bridgewater,MIN,QB,13,12,259,402,2919,14,12,2014
1448,Blake Bortles,JAX,QB,14,13,280,475,2908,11,17,2014
1449,Geno Smith,NYJ,QB,14,13,219,367,2525,13,13,2014
1450,Ryan Fitzpatrick,HOU,QB,12,12,197,312,2483,17,8,2014
1451,Mark Sanchez,PHI,QB,9,8,198,309,2418,14,11,2014
1452,Josh McCown,TAM,QB,11,11,184,327,2206,11,14,2014
1453,Nick Foles,PHI,QB,8,8,186,311,2163,13,10,2014
1454,Austin Davis,STL,QB,10,8,180,284,2001,12,9,2014
1455,Drew Stanton,ARI,QB,9,8,132,240,1711,7,5,2014
1456,Kirk Cousins,WAS,QB,6,5,126,204,1710,10,9,2014
1457,Robert Griffin III,WAS,QB,9,7,147,214,1694,4,6,2014
1458,Shaun Hill,STL,QB,9,8,145,229,1657,8,7,2014
1459,Carson Palmer,ARI,QB,6,6,141,224,1626,11,3,2014
1460,Mike Glennon,TAM,QB,6,5,117,203,1417,10,6,2014
1461,Zach Mettenberger,TEN,QB,7,6,107,179,1412,8,7,2014
1462,Charlie Whitehurst,TEN,QB,7,5,105,185,1326,7,2,2014
1463,Colt McCoy,WAS,QB,5,4,91,128,1057,4,3,2014
1464,Jake Locker,TEN,QB,7,5,86,146,993,5,7,2014
1465,EJ Manuel,BUF,QB,5,4,76,131,838,5,3,2014
1466,Derek Anderson,CAR,QB,6,2,65,97,701,5,0,2014
1467,Michael Vick,NYJ,QB,10,3,64,121,604,3,2,2014
1468,Ryan Lindley,ARI,QB,3,2,45,93,562,2,4,2014
1469,Chad Henne,JAX,QB,3,3,42,78,492,3,1,2014
1470,Case Keenum,HOU,QB,2,2,45,77,435,2,2,2014
1471,Matt Cassel,MIN,QB,3,3,41,71,425,3,4,2014
1472,Ryan Mallett,HOU,QB,3,2,41,75,400,2,2,2014
1473,Brandon Weeden,DAL,QB,5,1,24,41,303,3,2,2014
1474,Matt Hasselbeck,IND,QB,4,0,30,44,301,2,0,2014
1475,Jimmy Clausen,CHI,QB,4,1,26,48,223,2,1,2014
1476,Christian Ponder,MIN,QB,2,1,22,44,222,0,2,2014
1477,Jimmy Garoppolo,NWE,QB,6,0,19,27,182,1,0,2014
1478,Connor Shaw,CLE,QB,1,1,14,28,177,0,1,2014
1479,Johnny Manziel,CLE,QB,5,2,18,35,175,0,2,2014
1480,Chase Daniel,KAN,QB,3,1,16,28,157,0,0,2014
1481,Matt McGloin,OAK,QB,1,0,12,19,129,1,2,2014
1482,Tom Savage,HOU,QB,2,0,10,19,127,0,1,2014
1483,Logan Thomas,ARI,QB,2,0,1,9,81,1,0,2014
1485,Jason Campbell,CIN,QB,4,0,11,19,74,0,0,2014
1486,Matt Flynn,GNB,QB,7,0,8,16,66,0,1,2014
1487,T.J. Yates,ATL,QB,1,0,3,4,64,0,1,2014
1488,Ryan Nassib,NYG,QB,4,0,4,5,60,0,0,2014
1489,Matt Schaub,OAK,QB,11,0,5,10,57,0,2,2014
1490,Brock Osweiler,DEN,QB,4,0,4,10,52,1,0,2014
1491,Matt Simms,NYJ,QB,1,0,3,8,39,0,0,2014
1492,Blaine Gabbert,SFO,QB,1,0,3,7,38,1,0,2014
1498,Matt Moore,MIA,QB,2,0,2,4,21,0,0,2014
1502,Kellen Clemens,SDG,QB,2,0,1,3,10,0,0,2014
1505,Jordan Palmer,TEN,QB,1,0,1,3,7,0,0,2014
1508,Matt Barkley,PHI,QB,1,0,0,1,0,0,0,2014
1515,Tarvaris Jackson,SEA,QB,1,0,1,1,0,0,0,2014
1525,Drew Brees,NOR,QB,15,15,428,627,4870,32,11,2015
1526,Philip Rivers,SDG,QB,16,16,437,661,4792,29,13,2015
1527,Tom Brady,NWE,QB,16,16,402,624,4770,36,7,2015
1528,Carson Palmer,ARI,QB,16,16,342,537,4671,35,11,2015
1529,Matt Ryan,ATL,QB,16,16,407,614,4591,21,16,2015
1530,Eli Manning,NYG,QB,16,16,387,618,4432,35,14,2015
1531,Blake Bortles,JAX,QB,16,16,355,606,4428,35,18,2015
1532,Matthew Stafford,DET,QB,16,16,398,592,4262,32,13,2015
1533,Ryan Tannehill,MIA,QB,16,16,363,586,4208,24,12,2015
1534,Kirk Cousins,WAS,QB,16,16,379,543,4166,29,11,2015
1535,Jameis Winston,TAM,QB,16,16,312,535,4042,22,15,2015
1536,Russell Wilson,SEA,QB,16,16,329,483,4024,34,8,2015
1537,Derek Carr,OAK,QB,16,16,350,573,3987,32,13,2015
1538,Ben Roethlisberger,PIT,QB,12,11,319,469,3938,21,16,2015
1539,Ryan Fitzpatrick,NYJ,QB,16,16,335,562,3905,31,15,2015
1540,Cam Newton,CAR,QB,16,16,296,495,3837,35,10,2015
1541,Aaron Rodgers,GNB,QB,16,16,347,572,3821,31,8,2015
1542,Sam Bradford,PHI,QB,14,14,346,532,3725,19,14,2015
1543,Jay Cutler,CHI,QB,15,15,311,483,3659,21,11,2015
1544,Alex Smith,KAN,QB,16,16,307,470,3486,20,7,2015
1545,Andy Dalton,CIN,QB,13,13,255,386,3250,25,7,2015
1546,Teddy Bridgewater,MIN,QB,16,16,292,447,3231,14,9,2015
1547,Tyrod Taylor,BUF,QB,14,14,242,380,3035,20,6,2015
1548,Marcus Mariota,TEN,QB,12,12,230,370,2818,19,10,2015
1549,Joe Flacco,BAL,QB,10,10,266,413,2791,14,12,2015
1550,Brian Hoyer,HOU,QB,11,9,224,369,2606,19,7,2015
1551,Peyton Manning,DEN,QB,10,9,198,331,2249,9,17,2015
1552,Josh McCown,CLE,QB,8,8,186,292,2109,12,4,2015
1553,Nick Foles,STL,QB,11,11,190,337,2052,7,10,2015
1554,Blaine Gabbert,SFO,QB,8,8,178,282,2031,10,7,2015
1555,Brock Osweiler,DEN,QB,8,7,170,275,1967,10,6,2015
1556,Andrew Luck,IND,QB,7,7,162,293,1881,15,12,2015
1557,Matt Hasselbeck,IND,QB,8,8,156,256,1690,9,5,2015
1558,Colin Kaepernick,SFO,QB,9,8,144,244,1615,6,5,2015
1559,Johnny Manziel,CLE,QB,9,6,129,223,1500,7,5,2015
1560,Ryan Mallett,BAL,QB,8,6,136,244,1336,5,6,2015
1561,Matt Cassel,DAL,QB,9,8,119,204,1276,5,7,2015
1562,Brandon Weeden,HOU,QB,6,4,97,140,1043,5,2,2015
1563,Zach Mettenberger,TEN,QB,7,4,101,166,935,4,7,2015
1564,Tony Romo,DAL,QB,4,4,83,121,884,5,7,2015
1565,A.J. McCarron,CIN,QB,7,3,79,119,854,6,2,2015
1566,Case Keenum,STL,QB,6,5,76,125,828,4,1,2015
1567,Kellen Moore,DAL,QB,3,2,61,104,779,4,6,2015
1568,Jimmy Clausen,BAL,QB,4,3,72,125,739,2,4,2015
1569,Mark Sanchez,PHI,QB,4,2,59,91,616,4,4,2015
1570,EJ Manuel,BUF,QB,7,2,52,84,561,3,3,2015
1571,Austin Davis,CLE,QB,3,2,56,94,547,1,3,2015
1572,Matt Schaub,BAL,QB,2,2,52,80,540,3,4,2015
1573,Landry Jones,PIT,QB,7,2,32,55,513,3,4,2015
1574,Michael Vick,PIT,QB,5,3,40,66,371,2,1,2015
1575,T.J. Yates,HOU,QB,4,2,28,57,370,3,1,2015
1576,Luke McCown,NOR,QB,8,1,32,39,335,0,1,2015
1577,Geno Smith,NYJ,QB,1,0,27,42,265,2,1,2015
1578,Dan Orlovsky,DET,QB,2,0,22,40,201,1,1,2015
1579,Charlie Whitehurst,IND,QB,4,0,16,32,150,0,1,2015
1580,Josh Freeman,IND,QB,1,1,15,28,149,1,1,2015
1581,Matt McGloin,OAK,QB,2,0,23,32,142,2,1,2015
1582,Colt McCoy,WAS,QB,2,0,7,11,128,1,0,2015
1583,Drew Stanton,ARI,QB,7,0,11,25,104,0,2,2015
1584,Alex Tanney,TEN,QB,1,0,10,14,99,1,0,2015
1585,Ryan Nassib,NYG,QB,1,0,5,5,68,1,0,2015
1586,Kellen Clemens,SDG,QB,2,0,5,6,63,1,0,2015
1587,Ryan Lindley,IND,QB,1,0,6,10,58,1,0,2015
1589,Tarvaris Jackson,SEA,QB,4,0,4,6,37,0,0,2015
1591,Derek Anderson,CAR,QB,3,0,4,6,36,0,0,2015
1592,Sean Mannion,STL,QB,1,0,6,7,31,0,0,2015
1595,Shaun Hill,MIN,QB,3,0,2,7,15,0,0,2015
1596,Matt Moore,MIA,QB,1,0,1,1,14,0,0,2015
1597,Sean Renfree,ATL,QB,2,0,3,7,11,0,1,2015
1599,B.J. Daniels,HOU,QB,8,0,1,2,7,0,0,2015
1600,Jimmy Garoppolo,NWE,QB,5,0,1,4,6,0,0,2015
1601,Chase Daniel,KAN,QB,2,0,2,2,4,0,0,2015
1603,Scott Tolzien,GNB,QB,3,0,1,1,4,0,0,2015
1611,Drew Brees,NOR,QB,16,16,471,673,5208,37,15,2016
1612,Matt Ryan,ATL,QB,16,16,373,534,4944,38,7,2016
1613,Kirk Cousins,WAS,QB,16,16,406,606,4917,25,12,2016
1614,Aaron Rodgers,GNB,QB,16,16,401,610,4428,40,7,2016
1615,Philip Rivers,SDG,QB,16,16,349,578,4386,33,21,2016
1616,Matthew Stafford,DET,QB,16,16,388,594,4327,24,10,2016
1617,Joe Flacco,BAL,QB,16,16,436,672,4317,20,15,2016
1618,Andrew Luck,IND,QB,15,15,346,545,4240,31,13,2016
1619,Carson Palmer,ARI,QB,15,15,364,597,4233,26,14,2016
1620,Russell Wilson,SEA,QB,16,16,353,546,4219,21,11,2016
1621,Andy Dalton,CIN,QB,16,16,364,563,4206,18,8,2016
1622,Jameis Winston,TAM,QB,16,16,345,567,4090,28,18,2016
1623,Eli Manning,NYG,QB,16,16,377,598,4027,26,16,2016
1624,Derek Carr,OAK,QB,15,15,357,560,3937,28,6,2016
1625,Blake Bortles,JAX,QB,16,16,368,625,3905,23,16,2016
1626,Sam Bradford,MIN,QB,15,15,395,552,3877,20,5,2016
1627,Ben Roethlisberger,PIT,QB,14,14,328,509,3819,29,13,2016
1628,Carson Wentz,PHI,QB,16,16,379,607,3782,16,14,2016
1629,Dak Prescott,DAL,QB,16,16,311,459,3667,23,4,2016
1630,Tom Brady,NWE,QB,12,12,291,432,3554,28,2,2016
1631,Cam Newton,CAR,QB,15,14,270,510,3509,19,14,2016
1632,Alex Smith,KAN,QB,15,15,328,489,3502,15,8,2016
1633,Marcus Mariota,TEN,QB,15,15,276,451,3426,26,9,2016
1634,Trevor Siemian,DEN,QB,14,14,289,486,3401,18,10,2016
1635,Tyrod Taylor,BUF,QB,15,15,269,436,3023,17,6,2016
1636,Ryan Tannehill,MIA,QB,13,13,261,389,2995,19,12,2016
1637,Brock Osweiler,HOU,QB,15,14,301,510,2957,15,16,2016
1638,Ryan Fitzpatrick,NYJ,QB,14,11,228,403,2710,12,17,2016
1639,Colin Kaepernick,SFO,QB,12,11,196,331,2241,16,4,2016
1640,Case Keenum,LAR,QB,10,9,196,322,2201,9,11,2016
1641,Matt Barkley,CHI,QB,7,6,129,216,1611,8,14,2016
1642,Brian Hoyer,CHI,QB,6,5,134,200,1445,6,0,2016
1643,Cody Kessler,CLE,QB,9,8,128,195,1380,6,2,2016
1644,Josh McCown,CLE,QB,5,3,90,165,1100,6,6,2016
1645,Jared Goff,LAR,QB,7,7,112,205,1089,5,7,2016
1646,Jay Cutler,CHI,QB,5,5,81,137,1059,4,5,2016
1647,Blaine Gabbert,SFO,QB,6,5,91,160,925,5,6,2016
1648,Robert Griffin III,CLE,QB,5,5,87,147,886,2,3,2016
1649,Bryce Petty,NYJ,QB,6,4,75,133,809,3,7,2016
1650,Matt Moore,MIA,QB,4,3,55,87,721,8,3,2016
1651,Landry Jones,PIT,QB,8,2,53,86,558,4,2,2016
1652,Jimmy Garoppolo,NWE,QB,6,2,43,63,502,4,0,2016
1653,Paxton Lynch,DEN,QB,3,2,49,83,497,2,1,2016
1654,Tom Savage,HOU,QB,3,2,46,73,461,0,0,2016
1655,Derek Anderson,CAR,QB,5,2,36,53,453,2,5,2016
1656,Nick Foles,KAN,QB,3,1,36,55,410,3,0,2016
1657,Jacoby Brissett,NWE,QB,3,2,34,55,400,0,0,2016
1658,Matt Cassel,TEN,QB,4,1,30,51,284,2,2,2016
1659,Shaun Hill,MIN,QB,3,1,19,35,242,0,0,2016
1660,Scott Tolzien,IND,QB,3,1,23,37,216,1,2,2016
1661,Drew Stanton,ARI,QB,5,1,19,48,192,2,3,2016
1662,Charlie Whitehurst,CLE,QB,1,0,14,24,182,1,1,2016
1663,Connor Cook,OAK,QB,1,0,14,21,150,1,1,2016
1664,Trevone Boykin,SEA,QB,5,0,13,18,145,1,1,2016
1665,EJ Manuel,BUF,QB,6,1,11,26,131,0,0,2016
1666,Geno Smith,NYJ,QB,2,1,8,14,126,1,1,2016
1667,Kevin Hogan,CLE,QB,4,0,14,26,104,0,2,2016
1668,Cardale Jones,BUF,QB,1,0,6,11,96,0,1,2016
1669,Mark Sanchez,DAL,QB,2,0,10,18,93,0,2,2016
1670,Mike Glennon,TAM,QB,2,0,10,11,75,1,0,2016
1671,Matt McGloin,OAK,QB,3,1,8,15,50,0,0,2016
1677,Tony Romo,DAL,QB,1,0,3,4,29,1,0,2016
1678,Ryan Mallett,BAL,QB,4,0,3,6,26,0,1,2016
1679,David Fales,CHI,QB,1,0,2,5,22,0,0,2016
1681,Sean Mannion,LAR,QB,1,0,3,6,19,0,1,2016
1682,Brett Hundley,GNB,QB,4,0,2,10,17,0,1,2016
1683,Chase Daniel,PHI,QB,1,0,1,1,16,0,0,2016
1685,Matt Schaub,ATL,QB,4,0,1,3,16,0,0,2016
1695,Kellen Clemens,SDG,QB,12,0,0,1,0,0,0,2016
1707,Tom Brady,NWE,QB,16,16,385,581,4577,32,8,2017
1708,Philip Rivers,LAC,QB,16,16,360,575,4515,28,10,2017
1709,Matthew Stafford,DET,QB,16,16,371,565,4446,29,10,2017
1710,Drew Brees,NOR,QB,16,16,386,536,4334,23,8,2017
1711,Ben Roethlisberger,PIT,QB,15,15,360,561,4251,28,14,2017
1712,Matt Ryan,ATL,QB,16,16,342,529,4095,20,12,2017
1713,Kirk Cousins,WAS,QB,16,16,347,540,4093,27,13,2017
1714,Alex Smith,KAN,QB,15,15,341,505,4042,26,5,2017
1715,Russell Wilson,SEA,QB,16,16,339,553,3983,34,11,2017
1716,Jared Goff,LAR,QB,15,15,296,477,3804,28,7,2017
1717,Blake Bortles,JAX,QB,16,16,315,523,3687,21,13,2017
1718,Case Keenum,MIN,QB,15,14,325,481,3547,22,7,2017
1719,Jameis Winston,TAM,QB,13,13,282,442,3504,19,11,2017
1720,Derek Carr,OAK,QB,15,15,323,515,3496,22,13,2017
1721,Eli Manning,NYG,QB,15,15,352,571,3468,19,13,2017
1722,Dak Prescott,DAL,QB,16,16,308,490,3324,22,13,2017
1723,Andy Dalton,CIN,QB,16,16,297,496,3320,25,12,2017
1724,Cam Newton,CAR,QB,16,16,291,492,3302,22,16,2017
1725,Carson Wentz,PHI,QB,13,13,265,440,3296,33,7,2017
1726,Marcus Mariota,TEN,QB,15,15,281,453,3232,13,15,2017
1727,Joe Flacco,BAL,QB,16,16,352,549,3141,18,13,2017
1728,Jacoby Brissett,IND,QB,16,15,276,469,3098,13,7,2017
1729,Josh McCown,NYJ,QB,13,13,267,397,2926,18,9,2017
1730,DeShone Kizer,CLE,QB,15,15,255,476,2894,11,22,2017
1731,Tyrod Taylor,BUF,QB,15,14,263,420,2799,14,4,2017
1732,Jay Cutler,MIA,QB,14,14,266,429,2666,19,14,2017
1733,Trevor Siemian,DEN,QB,11,10,206,349,2285,12,14,2017
1734,Mitchell Trubisky,CHI,QB,12,12,196,330,2193,7,7,2017
1735,Carson Palmer,ARI,QB,7,7,164,267,1978,9,7,2017
1736,Brett Hundley,GNB,QB,11,9,192,316,1836,9,12,2017
1737,Deshaun Watson,HOU,QB,7,6,126,204,1699,19,8,2017
1738,Aaron Rodgers,GNB,QB,7,7,154,238,1675,16,6,2017
1739,Jimmy Garoppolo,SFO,QB,6,5,120,178,1560,7,5,2017
1740,C.J. Beathard,SFO,QB,7,5,123,224,1430,4,6,2017
1741,Tom Savage,HOU,QB,8,7,125,223,1412,5,6,2017
1742,Brian Hoyer,NWE,QB,11,6,123,211,1287,4,4,2017
1743,Ryan Fitzpatrick,TAM,QB,6,3,96,163,1103,7,3,2017
1744,Brock Osweiler,DEN,QB,6,4,96,172,1088,5,5,2017
1745,Blaine Gabbert,ARI,QB,5,5,95,171,1086,6,6,2017
1746,Drew Stanton,ARI,QB,5,4,79,159,894,6,5,2017
1747,Matt Moore,MIA,QB,4,2,78,127,861,4,5,2017
1748,Mike Glennon,CHI,QB,4,4,93,140,833,4,5,2017
1749,Bryce Petty,NYJ,QB,4,3,55,112,544,1,3,2017
1750,Nick Foles,PHI,QB,7,3,57,101,537,5,2,2017
1751,T.J. Yates,HOU,QB,4,3,47,97,523,4,3,2017
1752,Kevin Hogan,CLE,QB,4,1,46,75,517,4,5,2017
1753,Sam Bradford,MIN,QB,2,2,32,43,382,3,0,2017
1754,Paxton Lynch,DEN,QB,2,2,30,45,295,2,3,2017
1755,Patrick Mahomes,KAN,QB,1,1,22,35,284,0,1,2017
1756,David Fales,MIA,QB,2,0,29,43,265,1,1,2017
1757,EJ Manuel,OAK,QB,2,1,24,43,265,1,1,2017
1758,Nathan Peterman,BUF,QB,4,2,24,49,252,2,5,2017
1759,Landry Jones,PIT,QB,3,1,23,28,239,1,1,2017
1760,Geno Smith,NYG,QB,2,1,21,36,212,1,0,2017
1761,Sean Mannion,LAR,QB,5,1,22,37,185,0,0,2017
1762,Matt Cassel,TEN,QB,2,1,25,42,162,1,2,2017
1763,Nate Sudfeld,PHI,QB,1,0,19,23,134,0,0,2017
1764,Scott Tolzien,IND,QB,1,1,9,18,128,0,2,2017
1765,Cody Kessler,CLE,QB,3,0,11,23,126,0,1,2017
1766,A.J. McCarron,CIN,QB,3,0,7,14,66,0,0,2017
1767,Ryan Mallett,BAL,QB,2,0,9,16,56,2,0,2017
1772,Kellen Clemens,LAC,QB,8,0,6,8,36,0,1,2017
1773,Joe Webb,BUF,QB,16,0,2,7,35,0,1,2017
1777,Jake Rudock,DET,QB,3,0,3,5,24,0,1,2017
1780,Derek Anderson,CAR,QB,3,0,2,8,17,0,0,2017
1781,Joe Callahan,GNB,QB,1,0,5,7,11,0,0,2017
1783,Taylor Heinicke,HOU,QB,1,0,1,1,10,0,0,2017
1784,Cooper Rush,DAL,QB,2,0,1,3,2,0,0,2017
1785,Tyler Bray,KAN,QB,1,0,0,1,0,0,0,2017
1786,Teddy Bridgewater,MIN,QB,1,0,0,2,0,0,1,2017
1790,Chad Henne,JAX,QB,2,0,0,2,0,0,0,2017
1801,Ben Roethlisberger,PIT,QB,16,16,452,675,5129,34,16,2018
1802,Patrick Mahomes,KAN,QB,16,16,383,580,5097,50,12,2018
1803,Matt Ryan,ATL,QB,16,16,422,608,4924,35,7,2018
1804,Jared Goff,LAR,QB,16,16,364,561,4688,32,12,2018
1805,Andrew Luck,IND,QB,16,16,430,639,4593,39,15,2018
1806,Aaron Rodgers,GNB,QB,16,16,372,597,4442,25,2,2018
1807,Tom Brady,NWE,QB,16,16,375,570,4355,29,11,2018
1808,Philip Rivers,LAC,QB,16,16,347,508,4308,32,12,2018
1809,Eli Manning,NYG,QB,16,16,380,576,4299,21,11,2018
1810,Kirk Cousins,MIN,QB,16,16,425,606,4298,30,10,2018
1811,Deshaun Watson,HOU,QB,16,16,345,505,4165,26,9,2018
1812,Derek Carr,OAK,QB,16,16,381,553,4049,19,10,2018
1813,Drew Brees,NOR,QB,15,15,364,489,3992,32,5,2018
1814,Case Keenum,DEN,QB,16,16,365,586,3890,18,15,2018
1815,Dak Prescott,DAL,QB,16,16,356,526,3885,22,8,2018
1816,Matthew Stafford,DET,QB,16,16,367,555,3777,21,11,2018
1817,Baker Mayfield,CLE,QB,14,13,310,486,3725,27,14,2018
1818,Russell Wilson,SEA,QB,16,16,280,427,3448,35,7,2018
1819,Cam Newton,CAR,QB,14,14,320,471,3395,24,13,2018
1820,Mitchell Trubisky,CHI,QB,14,14,289,434,3223,24,12,2018
1821,Carson Wentz,PHI,QB,11,11,279,401,3074,21,7,2018
1822,Jameis Winston,TAM,QB,11,9,244,378,2992,19,14,2018
1823,Sam Darnold,NYJ,QB,13,13,239,414,2865,17,15,2018
1824,Blake Bortles,JAX,QB,13,12,243,403,2718,13,11,2018
1825,Andy Dalton,CIN,QB,11,11,226,365,2566,21,11,2018
1826,Marcus Mariota,TEN,QB,14,13,228,331,2528,11,8,2018
1827,Joe Flacco,BAL,QB,9,9,232,379,2465,12,6,2018
1828,Ryan Fitzpatrick,TAM,QB,8,7,164,246,2366,17,12,2018
1829,Josh Rosen,ARI,QB,14,13,217,393,2278,11,14,2018
1830,Nick Mullens,SFO,QB,8,8,176,274,2277,13,10,2018
1831,Alex Smith,WAS,QB,10,10,205,328,2180,10,5,2018
1832,Josh Allen,BUF,QB,12,11,169,320,2074,10,12,2018
1833,Ryan Tannehill,MIA,QB,11,11,176,274,1979,17,9,2018
1834,Nick Foles,PHI,QB,5,5,141,195,1413,7,4,2018
1835,C.J. Beathard,SFO,QB,6,5,102,169,1252,8,7,2018
1836,Brock Osweiler,MIA,QB,7,5,113,178,1247,6,4,2018
1837,Lamar Jackson,BAL,QB,16,7,99,170,1201,6,3,2018
1838,Jeff Driskel,CIN,QB,9,5,105,176,1003,6,2,2018
1839,Jimmy Garoppolo,SFO,QB,3,3,53,89,718,5,3,2018
1840,Cody Kessler,JAX,QB,5,4,85,131,709,2,2,2018
1841,Blaine Gabbert,TEN,QB,8,3,61,101,626,4,4,2018
1842,Josh Johnson,WAS,QB,4,3,52,91,590,3,4,2018
1843,Josh McCown,NYJ,QB,4,3,60,110,539,1,4,2018
1844,Chase Daniel,CHI,QB,5,2,53,76,515,3,2,2018
1845,Tyrod Taylor,CLE,QB,4,3,42,85,473,2,2,2018
1846,Derek Anderson,BUF,QB,2,2,42,70,465,0,4,2018
1847,Sam Bradford,ARI,QB,3,3,50,80,400,2,4,2018
1848,Colt McCoy,WAS,QB,3,2,34,54,372,3,3,2018
1849,Taylor Heinicke,CAR,QB,6,1,35,57,320,1,3,2018
1850,Nathan Peterman,BUF,QB,4,2,44,81,296,1,7,2018
1851,Kyle Allen,CAR,QB,2,1,20,31,266,2,0,2018
1852,Matt Barkley,BUF,QB,1,1,15,25,232,2,0,2018
1853,DeShone Kizer,GNB,QB,3,0,20,42,187,0,2,2018
1854,Mike Glennon,ARI,QB,2,0,15,21,174,1,0,2018
1855,Mark Sanchez,WAS,QB,2,1,19,35,138,0,3,2018
1856,Teddy Bridgewater,NOR,QB,5,1,14,23,118,1,1,2018
1859,Taysom Hill,NOR,QB,16,4,3,7,64,0,1,2018
1861,Matt Cassel,DET,QB,2,0,7,17,59,0,1,2018
1864,Joshua Dobbs,PIT,QB,5,0,6,12,43,0,1,2018
1866,Garrett Gilbert,CAR,QB,1,0,2,3,40,0,0,2018
1868,Chad Henne,KAN,QB,1,0,2,3,29,0,0,2018
1871,Sean Mannion,LAR,QB,3,0,2,3,23,0,0,2018
1872,Nate Sudfeld,PHI,QB,2,0,1,2,22,1,0,2018
1873,Robert Griffin III,BAL,QB,3,0,2,6,21,0,0,2018
1876,Matt Schaub,ATL,QB,3,0,5,7,20,0,0,2018
1882,A.J. McCarron,OAK,QB,2,0,1,3,8,0,0,2018
1885,Geno Smith,LAC,QB,5,0,1,4,8,0,0,2018
1886,Brian Hoyer,NWE,QB,5,0,1,2,7,0,0,2018
1892,Jacoby Brissett,IND,QB,4,0,2,4,2,0,0,2018
1904,Kyle Lauletta,NYG,QB,2,0,0,5,0,0,1,2018
1907,Jameis Winston,TAM,QB,16,16,380,626,5109,33,30,2019
1908,Dak Prescott,DAL,QB,16,16,388,596,4902,30,11,2019
1909,Jared Goff,LAR,QB,16,16,394,626,4638,22,16,2019
1910,Philip Rivers,LAC,QB,16,16,390,591,4615,23,20,2019
1911,Matt Ryan,ATL,QB,15,15,408,616,4466,26,14,2019
1912,Russell Wilson,SEA,QB,16,16,341,516,4110,31,5,2019
1913,Tom Brady,NWE,QB,16,16,373,613,4057,24,8,2019
1914,Derek Carr,OAK,QB,16,16,361,513,4054,21,8,2019
1915,Carson Wentz,PHI,QB,16,16,388,607,4039,27,7,2019
1916,Patrick Mahomes,KAN,QB,14,14,319,484,4031,26,5,2019
1917,Aaron Rodgers,GNB,QB,16,16,353,569,4002,26,4,2019
1918,Jimmy Garoppolo,SFO,QB,16,16,329,476,3978,27,13,2019
1919,Deshaun Watson,HOU,QB,15,15,333,495,3852,26,12,2019
1920,Baker Mayfield,CLE,QB,16,16,317,534,3827,22,21,2019
1921,Kyler Murray,ARI,QB,16,16,349,542,3722,20,12,2019
1922,Kirk Cousins,MIN,QB,15,15,307,444,3603,26,6,2019
1923,Ryan Fitzpatrick,MIA,QB,15,13,311,502,3529,20,13,2019
1924,Andy Dalton,CIN,QB,13,13,314,528,3494,16,14,2019
1925,Kyle Allen,CAR,QB,13,12,303,489,3322,17,16,2019
1926,Gardner Minshew II,JAX,QB,14,12,285,470,3271,21,6,2019
1927,Mitchell Trubisky,CHI,QB,15,15,326,516,3138,17,10,2019
1928,Lamar Jackson,BAL,QB,15,15,265,401,3127,36,6,2019
1929,Josh Allen,BUF,QB,16,16,271,461,3089,20,9,2019
1930,Daniel Jones,NYG,QB,13,12,284,459,3027,24,12,2019
1931,Sam Darnold,NYJ,QB,13,13,273,441,3024,19,13,2019
1932,Drew Brees,NOR,QB,11,11,281,378,2979,27,4,2019
1933,Jacoby Brissett,IND,QB,15,15,272,447,2942,18,6,2019
1934,Ryan Tannehill,TEN,QB,12,10,201,286,2742,22,6,2019
1935,Matthew Stafford,DET,QB,8,8,187,291,2499,19,5,2019
1936,Joe Flacco,DEN,QB,8,8,171,262,1822,6,5,2019
1937,Mason Rudolph,PIT,QB,10,8,176,283,1765,13,9,2019
1938,Case Keenum,WAS,QB,10,8,160,247,1707,11,5,2019
1939,Teddy Bridgewater,NOR,QB,9,5,133,196,1384,9,2,2019
1940,Dwayne Haskins,WAS,QB,9,7,119,203,1365,7,7,2019
1941,Marcus Mariota,TEN,QB,7,6,95,160,1203,7,2,2019
1942,Devlin Hodges,PIT,QB,8,6,100,160,1063,5,8,2019
1943,Eli Manning,NYG,QB,4,4,91,147,1042,6,5,2019
1944,Drew Lock,DEN,QB,5,5,100,156,1020,7,3,2019
1945,David Blough,DET,QB,5,5,94,174,984,4,6,2019
1946,Nick Foles,JAX,QB,4,4,77,117,736,3,2,2019
1947,Jeff Driskel,DET,QB,3,3,62,105,685,4,4,2019
1948,Matt Moore,KAN,QB,6,2,59,91,659,4,0,2019
1949,Matt Schaub,ATL,QB,6,1,50,67,580,3,1,2019
1950,Cam Newton,CAR,QB,2,2,50,89,572,0,1,2019
1951,Josh Rosen,MIA,QB,6,3,58,109,567,1,5,2019
1952,Brandon Allen,DEN,QB,3,3,39,84,515,3,2,2019
1953,Ryan Finley,CIN,QB,3,3,41,87,474,2,2,2019
1954,Chase Daniel,CHI,QB,3,1,45,64,435,3,2,2019
1955,Luke Falk,NYJ,QB,3,2,47,73,416,0,3,2019
1956,Brian Hoyer,IND,QB,4,1,35,65,372,4,4,2019
1957,Matt Barkley,BUF,QB,2,0,27,51,359,0,3,2019
1958,Ben Roethlisberger,PIT,QB,2,2,35,62,351,0,1,2019
1959,Will Grier,CAR,QB,2,2,28,52,228,0,4,2019
1960,Robert Griffin III,BAL,QB,7,1,23,38,225,1,2,2019
1961,A.J. McCarron,HOU,QB,2,1,21,37,225,0,1,2019
1962,Sean Mannion,MIN,QB,3,1,12,21,126,0,2,2019
1963,Colt McCoy,WAS,QB,1,1,18,27,122,0,1,2019
1964,Mike Glennon,OAK,QB,2,0,6,10,56,1,0,2019
1966,Brett Hundley,ARI,QB,3,0,5,11,49,0,0,2019
1972,Tyrod Taylor,LAC,QB,8,0,4,6,33,1,0,2019
1977,Josh McCown,PHI,QB,3,0,3,5,24,0,0,2019
1981,Ryan Griffin,TAM,QB,2,0,2,4,18,0,0,2019
1984,Tim Boyle,GNB,QB,3,0,3,4,15,0,0,2019
1985,Jarrett Stidham,NWE,QB,3,0,2,4,14,0,1,2019
1993,Blake Bortles,LAR,QB,3,0,1,2,3,0,0,2019
1994,Trevor Siemian,NYJ,QB,1,1,3,6,3,0,0,2019
1996,Alex Tanney,NYG,QB,1,0,1,1,1,0,0,2019
2001,Garrett Gilbert,CLE,QB,5,0,0,3,0,0,0,2019
2009,Deshaun Watson,HOU,QB,16,16,382,544,4823,33,7,2020
2010,Patrick Mahomes,KAN,QB,15,15,390,588,4740,38,6,2020
2011,Tom Brady,TAM,QB,16,16,401,610,4633,40,12,2020
2012,Matt Ryan,ATL,QB,16,16,407,626,4581,26,11,2020
2013,Josh Allen,BUF,QB,16,16,396,572,4544,37,10,2020
2014,Justin Herbert,LAC,QB,15,15,396,595,4336,31,10,2020
2015,Aaron Rodgers,GNB,QB,16,16,372,526,4299,48,5,2020
2016,Kirk Cousins,MIN,QB,16,16,349,516,4265,35,13,2020
2017,Russell Wilson,SEA,QB,16,16,384,558,4212,40,13,2020
2018,Philip Rivers,IND,QB,16,16,369,543,4169,24,11,2020
2019,Derek Carr,LVR,QB,16,16,348,517,4103,27,9,2020
2020,Matthew Stafford,DET,QB,16,16,339,528,4084,26,10,2020
2021,Kyler Murray,ARI,QB,16,16,375,558,3971,26,12,2020
2022,Jared Goff,LAR,QB,15,15,370,552,3952,20,13,2020
2023,Ryan Tannehill,TEN,QB,16,16,315,481,3819,33,7,2020
2024,Ben Roethlisberger,PIT,QB,15,15,399,608,3803,33,10,2020
2025,Teddy Bridgewater,CAR,QB,15,15,340,492,3733,15,11,2020
2026,Baker Mayfield,CLE,QB,16,16,305,486,3563,26,8,2020
2027,Daniel Jones,NYG,QB,14,14,280,448,2943,11,10,2020
2028,Drew Brees,NOR,QB,12,12,275,390,2942,24,6,2020
2029,Drew Lock,DEN,QB,13,13,254,443,2933,16,15,2020
2030,Lamar Jackson,BAL,QB,15,15,242,376,2757,26,9,2020
2031,Joe Burrow,CIN,QB,10,10,264,404,2688,13,5,2020
2032,Cam Newton,NWE,QB,15,15,242,368,2657,8,10,2020
2033,Carson Wentz,PHI,QB,12,12,251,437,2620,16,15,2020
2034,Nick Mullens,SFO,QB,10,8,211,326,2437,12,12,2020
2035,Gardner Minshew II,JAX,QB,9,8,216,327,2259,16,5,2020
2036,Sam Darnold,NYJ,QB,12,12,217,364,2208,9,11,2020
2037,Andy Dalton,DAL,QB,11,9,216,333,2170,14,8,2020
2038,Ryan Fitzpatrick,MIA,QB,9,7,183,267,2091,13,8,2020
2039,Mitchell Trubisky,CHI,QB,10,9,199,297,2055,16,8,2020
2040,Dak Prescott,DAL,QB,5,5,151,222,1856,9,4,2020
2041,Nick Foles,CHI,QB,9,7,202,312,1852,10,8,2020
2042,Tua Tagovailoa,MIA,QB,10,9,186,290,1814,11,5,2020
2043,Alex Smith,WAS,QB,8,6,168,252,1582,6,8,2020
2044,Dwayne Haskins,WAS,QB,7,6,148,241,1439,5,7,2020
2045,Jimmy Garoppolo,SFO,QB,6,6,94,140,1096,7,5,2020
2046,Mike Glennon,JAX,QB,5,5,111,179,1072,7,5,2020
2047,Jalen Hurts,PHI,QB,15,4,77,148,1061,6,4,2020
2049,Brandon Allen,CIN,QB,5,5,90,142,925,5,4,2020
2050,Joe Flacco,NYJ,QB,5,4,74,134,864,6,3,2020
2051,C.J. Beathard,SFO,QB,6,2,66,104,787,6,0,2020
2052,Jake Luton,JAX,QB,3,3,60,110,624,2,6,2020
2053,Kyle Allen,WAS,QB,4,4,60,87,610,4,1,2020
2054,Jeff Driskel,DEN,QB,3,1,35,64,432,3,2,2020
2055,Colt McCoy,NYG,QB,4,2,40,66,375,1,1,2020
2056,P.J. Walker,CAR,QB,4,1,32,56,368,1,5,2020
2057,Mason Rudolph,PIT,QB,5,1,25,43,324,2,1,2020
2058,Brett Rypien,DEN,QB,3,1,27,40,295,2,4,2020
2059,Chase Daniel,DET,QB,4,0,29,43,264,1,2,2020
2060,Jarrett Stidham,NWE,QB,5,0,22,44,256,2,3,2020
2061,Chad Henne,KAN,QB,3,1,28,38,248,2,0,2020
2062,Garrett Gilbert,DAL,QB,1,1,21,38,243,1,1,2020
2063,John Wolford,LAR,QB,1,1,22,38,231,0,1,2020
2064,Marcus Mariota,LVR,QB,1,0,17,28,226,1,1,2020
2065,Ben DiNucci,DAL,QB,3,1,23,43,219,0,0,2020
2066,Tyrod Taylor,LAC,QB,2,1,16,30,208,0,0,2020
2067,Matt Barkley,BUF,QB,5,0,11,21,197,1,1,2020
2068,Ryan Finley,CIN,QB,5,1,17,32,164,1,2,2020
2069,Blaine Gabbert,TAM,QB,4,0,9,16,143,2,0,2020
2070,Taylor Heinicke,WAS,QB,1,0,12,19,137,1,0,2020
2071,Brian Hoyer,NWE,QB,1,1,15,24,130,0,1,2020
2072,Chris Streveler,ARI,QB,5,0,11,16,105,1,1,2020
2073,Trace McSorley,BAL,QB,2,0,3,10,90,1,0,2020
2074,Jameis Winston,NOR,QB,4,0,7,11,75,0,0,2020
2076,David Blough,DET,QB,1,0,6,10,49,0,1,2020
2077,Case Keenum,CLE,QB,2,0,5,10,46,0,0,2020
2080,Robert Griffin III,BAL,QB,4,1,8,14,42,0,2,2020
2083,Geno Smith,SEA,QB,1,0,4,5,33,0,0,2020
2085,Nate Sudfeld,PHI,QB,1,0,5,12,32,0,1,2020
2090,Nathan Peterman,LVR,QB,1,0,3,5,25,0,0,2020
2093,A.J. McCarron,HOU,QB,2,0,1,1,20,0,0,2020
2095,Tyler Bray,CHI,QB,1,0,1,5,18,0,0,2020
2097,Jacoby Brissett,IND,QB,11,0,2,8,17,0,0,2020
2099,Tyler Huntley,BAL,QB,2,0,3,5,15,0,0,2020
2106,Logan Woodside,TEN,QB,6,0,1,3,7,0,0,2020
2108,Easton Stick,LAC,QB,1,0,1,1,4,0,0,2020
2109,Joshua Dobbs,PIT,QB,1,0,4,5,2,0,0,2020
2121,Tom Brady,TAM,QB,17,17,485,719,5316,43,12,2021
2122,Justin Herbert,LAC,QB,17,17,443,672,5014,38,15,2021
2123,Matthew Stafford,LAR,QB,17,17,404,601,4886,41,17,2021
2124,Patrick Mahomes,KAN,QB,17,17,436,658,4839,37,13,2021
2125,Derek Carr,LVR,QB,17,17,428,626,4804,23,14,2021
2126,Joe Burrow,CIN,QB,16,16,366,520,4611,34,14,2021
2127,Dak Prescott,DAL,QB,16,16,410,596,4449,37,10,2021
2128,Josh Allen,BUF,QB,17,17,409,646,4407,36,15,2021
2129,Kirk Cousins,MIN,QB,16,16,372,561,4221,33,7,2021
2130,Aaron Rodgers,GNB,QB,16,16,366,531,4115,37,4,2021
2131,Matt Ryan,ATL,QB,17,17,375,560,3968,20,12,2021
2132,Jimmy Garoppolo,SFO,QB,15,15,301,441,3810,20,12,2021
2133,Mac Jones,NWE,QB,17,17,352,521,3801,22,13,2021
2134,Kyler Murray,ARI,QB,14,14,333,481,3787,24,10,2021
2135,Ben Roethlisberger,PIT,QB,16,16,390,605,3740,22,10,2021
2136,Ryan Tannehill,TEN,QB,17,17,357,531,3734,21,14,2021
2137,Trevor Lawrence,JAX,QB,17,17,359,602,3641,12,17,2021
2138,Carson Wentz,IND,QB,17,17,322,516,3563,27,7,2021
2139,Taylor Heinicke,WAS,QB,16,15,321,494,3419,20,15,2021
2140,Jared Goff,DET,QB,14,14,332,494,3245,19,8,2021
2141,Jalen Hurts,PHI,QB,15,15,265,432,3144,16,9,2021
2142,Russell Wilson,SEA,QB,14,14,259,400,3113,25,6,2021
2143,Teddy Bridgewater,DEN,QB,14,14,285,426,3052,18,7,2021
2144,Baker Mayfield,CLE,QB,14,14,253,418,3010,17,13,2021
2145,Lamar Jackson,BAL,QB,12,12,246,382,2882,16,13,2021
2146,Davis Mills,HOU,QB,13,11,263,394,2664,16,10,2021
2147,Tua Tagovailoa,MIA,QB,13,12,263,388,2653,16,10,2021
2148,Sam Darnold,CAR,QB,12,11,243,406,2527,9,13,2021
2149,Daniel Jones,NYG,QB,11,11,232,361,2428,10,7,2021
2150,Zach Wilson,NYJ,QB,13,13,213,383,2334,9,11,2021
2151,Justin Fields,CHI,QB,12,10,159,270,1870,7,10,2021
2152,Andy Dalton,CHI,QB,8,6,149,236,1515,8,9,2021
2153,Jacoby Brissett,MIA,QB,11,5,141,225,1283,5,4,2021
2154,Jameis Winston,NOR,QB,7,7,95,161,1170,14,3,2021
2155,Trevor Siemian,NOR,QB,6,4,108,188,1154,11,3,2021
2156,Tyler Huntley,BAL,QB,7,4,122,188,1081,3,4,2021
2157,Taysom Hill,NOR,QB,12,9,78,134,978,4,5,2021
2158,Tyrod Taylor,HOU,QB,6,6,91,150,966,5,5,2021
2159,Mike White,NYJ,QB,4,3,88,132,953,5,8,2021
2160,Mike Glennon,NYG,QB,6,4,90,167,790,4,10,2021
2161,Drew Lock,DEN,QB,6,3,67,111,787,2,2,2021
2162,Colt McCoy,ARI,QB,8,3,74,99,740,3,1,2021
2163,Geno Smith,SEA,QB,4,3,65,95,702,5,1,2021
2164,Cam Newton,CAR,QB,8,5,69,126,684,4,5,2021
2165,Josh Johnson,BAL,QB,4,1,57,85,638,5,2,2021
2166,Trey Lance,SFO,QB,6,2,41,71,603,5,2,2021
2167,Tim Boyle,DET,QB,5,3,61,94,526,3,6,2021
2168,Case Keenum,CLE,QB,7,2,47,72,462,3,1,2021
2169,Gardner Minshew II,PHI,QB,4,2,41,60,439,4,1,2021
2170,Cooper Rush,DAL,QB,5,1,30,47,422,3,1,2021
2171,Jordan Love,GNB,QB,6,1,36,62,411,2,3,2021
2172,P.J. Walker,CAR,QB,5,1,36,66,362,1,3,2021
2173,Joe Flacco,NYJ,QB,2,1,27,42,338,3,0,2021
2174,Mason Rudolph,PIT,QB,2,1,35,58,277,1,1,2021
2175,Nick Foles,CHI,QB,1,1,24,35,250,1,0,2021
2176,Brian Hoyer,NWE,QB,5,0,9,11,227,1,0,2021
2177,Jake Fromm,NYG,QB,3,2,27,60,210,1,3,2021
2178,Garrett Gilbert,WAS,QB,1,1,20,31,194,0,0,2021
2179,Sean Mannion,MIN,QB,1,1,22,36,189,1,0,2021
2180,Brandon Allen,CIN,QB,6,1,17,34,149,2,0,2021
2181,Nick Mullens,CLE,QB,1,1,20,30,147,1,0,2021
2182,Ian Book,NOR,QB,1,1,12,20,135,0,2,2021
2183,Kyle Allen,WAS,QB,2,0,12,19,120,1,0,2021
2185,Chad Henne,KAN,QB,4,0,11,16,82,0,0,2021
2187,Blaine Gabbert,TAM,QB,6,0,7,11,67,0,0,2021
2190,Mitchell Trubisky,BUF,QB,6,0,6,8,43,0,1,2021
2192,Chris Streveler,ARI,QB,2,0,6,9,36,0,0,2021
2194,C.J. Beathard,JAX,QB,2,0,2,2,33,0,0,2021
2197,Jacob Eason,IND,QB,1,0,2,5,25,0,1,2021
2200,Josh Rosen,ATL,QB,4,0,2,11,19,0,2,2021
2205,Ryan Fitzpatrick,WAS,QB,1,1,3,6,13,0,0,2021
2208,Kellen Mond,MIN,QB,1,0,2,3,5,0,0,2021
2209,John Wolford,LAR,QB,3,0,1,4,5,0,1,2021
2211,Marcus Mariota,LVR,QB,10,0,1,2,4,0,0,2021
2224,Feleipe Franks,ATL,QB,9,0,0,1,0,0,1,2021
2232,Brett Rypien,DEN,QB,1,0,0,2,0,0,0,2021
2236,Patrick Mahomes,KAN,QB,17,17,435,648,5250,41,12,2022
2237,Justin Herbert,LAC,QB,17,17,477,699,4739,25,10,2022
2238,Tom Brady,TAM,QB,17,17,490,733,4694,25,9,2022
2239,Kirk Cousins,MIN,QB,17,17,424,643,4547,29,14,2022
2240,Joe Burrow,CIN,QB,16,16,414,606,4475,35,12,2022
2241,Jared Goff,DET,QB,17,17,382,587,4438,29,7,2022
2242,Josh Allen,BUF,QB,16,16,359,567,4283,35,14,2022
2243,Geno Smith,SEA,QB,17,17,399,572,4282,30,11,2022
2244,Trevor Lawrence,JAX,QB,17,17,387,584,4113,25,8,2022
2245,Jalen Hurts,PHI,QB,15,15,306,460,3701,22,6,2022
2246,Aaron Rodgers,GNB,QB,17,17,350,542,3695,26,12,2022
2247,Tua Tagovailoa,MIA,QB,13,13,259,400,3548,25,8,2022
2248,Russell Wilson,DEN,QB,15,15,292,483,3524,16,11,2022
2249,Derek Carr,LVR,QB,15,15,305,502,3522,24,14,2022
2250,Daniel Jones,NYG,QB,16,16,317,472,3205,15,5,2022
2251,Davis Mills,HOU,QB,15,15,292,479,3118,17,15,2022
2252,Matt Ryan,IND,QB,12,12,309,461,3057,14,13,2022
2253,Mac Jones,NWE,QB,14,14,288,442,2997,14,11,2022
2254,Andy Dalton,NOR,QB,14,14,252,378,2871,18,9,2022
2255,Dak Prescott,DAL,QB,12,12,261,394,2860,23,15,2022
2256,Jacoby Brissett,CLE,QB,16,11,236,369,2608,12,6,2022
2257,Ryan Tannehill,TEN,QB,12,12,212,325,2536,13,6,2022
2258,Jimmy Garoppolo,SFO,QB,11,10,207,308,2437,16,4,2022
2259,Kenny Pickett,PIT,QB,13,12,245,389,2404,7,9,2022
2260,Kyler Murray,ARI,QB,11,11,259,390,2368,14,7,2022
2261,Justin Fields,CHI,QB,15,15,192,318,2242,17,11,2022
2262,Lamar Jackson,BAL,QB,12,12,203,326,2242,17,7,2022
2263,Marcus Mariota,ATL,QB,13,13,184,300,2219,15,9,2022
2264,Baker Mayfield,LAR,QB,12,10,201,335,2163,10,8,2022
2265,Matthew Stafford,LAR,QB,9,9,206,303,2087,10,8,2022
2266,Taylor Heinicke,WAS,QB,9,9,161,259,1859,12,6,2022
2267,Carson Wentz,WAS,QB,8,7,172,276,1755,11,9,2022
2268,Zach Wilson,NYJ,QB,9,9,132,242,1688,6,7,2022
2269,Brock Purdy,SFO,QB,9,5,114,170,1374,13,4,2022
2270,Mitchell Trubisky,PIT,QB,7,5,117,180,1252,4,5,2022
2271,Mike White,NYJ,QB,4,4,103,175,1192,3,4,2022
2272,Sam Darnold,CAR,QB,6,6,82,140,1143,7,3,2022
2273,Deshaun Watson,CLE,QB,6,6,99,170,1102,7,5,2022
2274,Joe Flacco,NYJ,QB,5,4,110,191,1051,5,3,2022
2275,Cooper Rush,DAL,QB,9,5,94,162,1051,5,3,2022
2276,Jameis Winston,NOR,QB,3,3,73,115,858,4,5,2022
2277,Bailey Zappe,NWE,QB,4,2,65,92,781,5,3,2022
2278,Colt McCoy,ARI,QB,4,3,90,132,780,1,3,2022
2279,P.J. Walker,CAR,QB,6,5,63,106,731,3,3,2022
2280,Desmond Ridder,ATL,QB,4,4,73,115,708,2,0,2022
2281,Teddy Bridgewater,MIA,QB,5,2,49,79,683,4,4,2022
2282,Gardner Minshew II,PHI,QB,5,2,44,76,663,3,3,2022
2283,Tyler Huntley,BAL,QB,6,4,75,112,658,2,3,2022
2284,Jarrett Stidham,LVR,QB,5,2,53,83,656,4,3,2022
2285,Sam Ehlinger,IND,QB,4,3,64,101,573,3,3,2022
2286,Skylar Thompson,MIA,QB,7,2,60,105,534,1,3,2022
2287,Brett Rypien,DEN,QB,4,2,53,88,483,2,4,2022
2288,Kyle Allen,HOU,QB,2,2,46,78,416,2,4,2022
2289,Trace McSorley,ARI,QB,6,1,45,83,412,0,5,2022
2290,Joshua Dobbs,TEN,QB,2,2,40,68,411,2,2,2022
2291,David Blough,ARI,QB,2,2,38,58,402,2,2,2022
2292,John Wolford,LAR,QB,3,3,38,62,390,1,3,2022
2293,Anthony Brown,BAL,QB,2,1,22,49,302,0,2,2022
2294,Malik Willis,TEN,QB,8,3,31,61,276,0,3,2022
2296,Nick Foles,IND,QB,3,2,25,42,224,0,4,2022
2297,Nick Mullens,MIN,QB,4,0,21,25,224,1,1,2022
2298,Jordan Love,GNB,QB,4,0,14,21,195,1,0,2022
2299,Trey Lance,SFO,QB,2,2,15,31,194,0,1,2022
2300,Trevor Siemian,CHI,QB,2,1,15,26,184,1,1,2022
2301,Sam Howell,WAS,QB,1,1,11,19,169,1,1,2022
2302,Davis Webb,NYG,QB,1,1,23,40,168,1,0,2022
2303,Bryce Perkins,LAR,QB,5,1,19,34,161,1,2,2022
2304,Nathan Peterman,CHI,QB,3,1,14,25,139,1,1,2022
2305,Jeff Driskel,HOU,QB,7,2,14,20,108,1,0,2022
2306,Chris Streveler,NYJ,QB,2,1,10,15,90,0,0,2022
2307,Jacob Eason,CAR,QB,1,0,3,5,59,0,1,2022
2308,Tyrod Taylor,NYG,QB,3,0,6,8,58,1,1,2022
2309,Chase Daniel,LAC,QB,4,0,8,12,52,1,0,2022
2310,Brian Hoyer,NWE,QB,1,1,5,6,37,0,0,2022
2311,C.J. Beathard,JAX,QB,4,0,7,11,35,0,1,2022
2314,Tim Boyle,CHI,QB,1,0,2,8,33,0,2,2022
2315,Blaine Gabbert,TAM,QB,1,0,6,8,29,1,0,2022
2317,Kyle Trask,TAM,QB,1,0,3,9,23,0,0,2022
2318,Brandon Allen,CIN,QB,1,0,3,3,22,0,0,2022
2322,Josh Johnson,SFO,QB,2,0,1,2,10,0,0,2022
2323,Case Keenum,BUF,QB,2,0,2,7,8,0,0,2022
2336,Chad Henne,KAN,QB,3,0,0,2,0,0,0,2022
2342,Tua Tagovailoa,MIA,QB,17,17,388,560,4624,29,14,2023
2343,Jared Goff,DET,QB,17,17,407,605,4575,30,12,2023
2344,Dak Prescott,DAL,QB,17,17,410,590,4516,36,9,2023
2345,Josh Allen,BUF,QB,17,17,385,579,4306,29,18,2023
2346,Brock Purdy,SFO,QB,16,16,308,444,4280,31,11,2023
2347,Patrick Mahomes,KAN,QB,16,16,401,597,4183,27,14,2023
2348,Jordan Love,GNB,QB,17,17,372,579,4159,32,11,2023
2349,C.J. Stroud,HOU,QB,15,15,319,499,4108,23,5,2023
2350,Baker Mayfield,TAM,QB,17,17,364,566,4044,28,10,2023
2351,Trevor Lawrence,JAX,QB,16,16,370,564,4016,21,14,2023
2352,Matthew Stafford,LAR,QB,15,15,326,521,3965,24,11,2023
2353,Sam Howell,WAS,QB,17,17,388,612,3946,21,21,2023
2354,Derek Carr,NOR,QB,17,17,375,548,3878,25,8,2023
2355,Jalen Hurts,PHI,QB,17,17,352,538,3858,23,15,2023
2356,Lamar Jackson,BAL,QB,16,16,307,457,3678,24,7,2023
2357,Geno Smith,SEA,QB,15,15,323,499,3624,20,9,2023
2358,Gardner Minshew II,IND,QB,17,13,305,490,3305,15,9,2023
2359,Justin Herbert,LAC,QB,13,13,297,456,3134,20,7,2023
2360,Russell Wilson,DEN,QB,15,15,297,447,3070,26,8,2023
2361,Bryce Young,CAR,QB,16,16,315,527,2877,11,10,2023
2362,Desmond Ridder,ATL,QB,15,13,249,388,2836,12,12,2023
2363,Justin Fields,CHI,QB,13,13,227,370,2562,16,9,2023
2364,Joshua Dobbs,MIN,QB,13,12,262,417,2464,13,10,2023
2365,Kirk Cousins,MIN,QB,8,8,216,311,2331,18,5,2023
2366,Joe Burrow,CIN,QB,10,10,244,365,2309,15,6,2023
2367,Zach Wilson,NYJ,QB,12,11,221,368,2271,8,7,2023
2368,Aidan O'Connell,LVR,QB,11,10,213,343,2218,12,7,2023
2369,Mac Jones,NWE,QB,11,11,224,345,2120,10,12,2023
2370,Kenny Pickett,PIT,QB,12,12,201,324,2070,6,4,2023
2371,Jake Browning,CIN,QB,9,7,171,243,1936,12,7,2023
2372,Will Levis,TEN,QB,9,9,149,255,1808,8,4,2023
2373,Kyler Murray,ARI,QB,8,8,176,268,1799,10,5,2023
2374,Joe Flacco,CLE,QB,5,5,123,204,1616,13,8,2023
2375,Ryan Tannehill,TEN,QB,10,8,149,230,1616,4,7,2023
2376,Tyrod Taylor,NYG,QB,11,5,116,180,1341,5,3,2023
2377,Nick Mullens,MIN,QB,5,3,100,148,1306,7,8,2023
2378,Bailey Zappe,NWE,QB,10,6,127,212,1272,6,9,2023
2379,Jimmy Garoppolo,LVR,QB,7,6,110,169,1205,7,9,2023
2380,Easton Stick,LAC,QB,5,4,111,174,1129,3,1,2023
2381,Deshaun Watson,CLE,QB,6,6,105,171,1115,7,4,2023
2382,Tommy DeVito,NYG,QB,9,6,114,178,1101,8,3,2023
2383,Daniel Jones,NYG,QB,6,6,108,160,909,2,6,2023
2384,Taylor Heinicke,ATL,QB,5,4,74,136,890,5,4,2023
2385,Tyson Bagent,CHI,QB,5,4,94,143,859,3,6,2023
2386,Trevor Siemian,NYJ,QB,5,3,86,153,724,2,4,2023
2387,Mason Rudolph,PIT,QB,4,3,55,74,719,3,0,2023
2388,P.J. Walker,CLE,QB,6,2,54,111,674,1,5,2023
2389,Mitchell Trubisky,PIT,QB,5,2,67,107,632,4,5,2023
2390,Anthony Richardson,IND,QB,4,4,50,84,577,3,1,2023
2391,Drew Lock,SEA,QB,4,2,48,76,543,3,3,2023
2392,Jarrett Stidham,DEN,QB,3,2,40,66,496,2,1,2023
2393,Dorian Thompson-Robinson,CLE,QB,8,3,60,112,440,1,4,2023
2394,Andy Dalton,CAR,QB,3,1,34,58,361,2,0,2023
2395,Tim Boyle,NYJ,QB,3,2,48,77,360,1,4,2023
2396,C.J. Beathard,JAX,QB,7,1,40,53,349,1,0,2023
2397,Sam Darnold,SFO,QB,10,1,28,46,297,2,1,2023
2398,Case Keenum,HOU,QB,2,2,34,53,291,1,3,2023
2399,Jameis Winston,NOR,QB,7,0,25,47,264,2,3,2023
2400,Brian Hoyer,LVR,QB,3,1,23,42,231,0,2,2023
2401,Jacoby Brissett,WAS,QB,3,0,18,23,224,3,0,2023
2402,Tyler Huntley,BAL,QB,5,1,21,37,203,3,0,2023
2403,Blaine Gabbert,KAN,QB,2,1,18,35,185,0,3,2023
2404,Davis Mills,HOU,QB,6,0,18,39,173,2,0,2023
2405,Brett Rypien,LAR,QB,2,1,18,38,172,0,1,2023
2406,Jaren Hall,MIN,QB,3,2,13,20,168,0,1,2023
2407,Jeff Driskel,CLE,QB,1,1,13,26,166,2,2,2023
2408,Marcus Mariota,PHI,QB,3,0,15,23,164,1,1,2023
2409,Carson Wentz,LAR,QB,2,1,17,24,163,2,1,2023
2410,Cooper Rush,DAL,QB,7,0,18,24,144,0,1,2023
2411,Taysom Hill,NOR,QB,16,7,6,11,83,1,0,2023
2412,Mike White,MIA,QB,6,0,5,6,74,1,1,2023
2413,Malik Willis,TEN,QB,3,0,4,5,74,0,0,2023
2414,Clayton Tune,ARI,QB,7,1,12,21,62,0,2,2023
2416,Sean Clifford,GNB,QB,2,0,1,1,37,0,0,2023
2419,Logan Woodside,ATL,QB,1,0,3,4,27,0,1,2023
2421,A.J. McCarron,CIN,QB,2,0,4,5,19,0,0,2023
2438,Aaron Rodgers,NYJ,QB,1,1,0,1,0,0,0,2023
2442,Kyle Trask,TAM,QB,2,0,0,1,0,0,0,2023
